2026-04-20 15:45:41.289 [info] [main] Log level: Info
2026-04-20 15:45:41.289 [info] [main] Validating found git in: "git"
2026-04-20 15:45:41.289 [info] [main] Using git "2.43.0" from "git"
2026-04-20 15:45:41.289 [info] [Model][doInitialScan] Initial repository scan started
2026-04-20 15:45:41.289 [info] > git rev-parse --show-toplevel [5ms]
2026-04-20 15:45:41.289 [info] > git rev-parse --git-dir --git-common-dir --show-superproject-working-tree [7ms]
2026-04-20 15:45:41.384 [info] [Model][openRepository] Opened repository (path): /home/nekofell908
2026-04-20 15:45:41.384 [info] [Model][openRepository] Opened repository (real path): /home/nekofell908
2026-04-20 15:45:41.384 [info] [Model][openRepository] Opened repository (kind): repository
2026-04-20 15:45:41.435 [info] > git config --get commit.template [15ms]
2026-04-20 15:45:41.439 [info] > git rev-parse --show-toplevel [12ms]
2026-04-20 15:45:41.470 [info] > git rev-parse --show-toplevel [5ms]
2026-04-20 15:45:41.479 [info] > git rev-parse --show-toplevel [1ms]
2026-04-20 15:45:41.496 [info] > git rev-parse --show-toplevel [7ms]
2026-04-20 15:45:41.505 [info] > git for-each-ref --format=%(refname)%00%(upstream:short)%00%(objectname)%00%(upstream:track)%00%(upstream:remotename)%00%(upstream:remoteref) refs/heads/main refs/remotes/main [51ms]
2026-04-20 15:45:41.541 [info] > git rev-parse --show-toplevel [37ms]
2026-04-20 15:45:41.556 [info] > git for-each-ref --sort -committerdate --format %(refname)%00%(objectname)%00%(*objectname) [15ms]
2026-04-20 15:45:41.559 [info] > git rev-parse --show-toplevel [7ms]
2026-04-20 15:45:41.570 [info] > git rev-parse --show-toplevel [1ms]
2026-04-20 15:45:41.588 [info] > git rev-parse --show-toplevel [7ms]
2026-04-20 15:45:41.614 [info] > git rev-parse --show-toplevel [8ms]
2026-04-20 15:45:41.615 [info] [Model][doInitialScan] Initial repository scan completed - repositories (1), closed repositories (0), parent repositories (0), unsafe repositories (0)
2026-04-20 15:45:41.628 [info] > git status -z -uall [103ms]
2026-04-20 15:45:42.722 [info] > git for-each-ref --format=%(refname)%00%(upstream:short)%00%(objectname)%00%(upstream:track)%00%(upstream:remotename)%00%(upstream:remoteref) refs/heads/main refs/remotes/main [822ms]
2026-04-20 15:45:42.737 [info] > git config --get --local branch.main.vscode-merge-base [9ms]
2026-04-20 15:45:42.737 [warning] [Git][config] git config failed: Failed to execute git
2026-04-20 15:45:42.743 [info] > git config --get commit.template [237ms]
2026-04-20 15:45:42.765 [info] > git reflog main --grep-reflog=branch: Created from *. [22ms]
2026-04-20 15:45:42.782 [info] > git for-each-ref --format=%(refname)%00%(upstream:short)%00%(objectname)%00%(upstream:track)%00%(upstream:remotename)%00%(upstream:remoteref) refs/heads/main refs/remotes/main [27ms]
2026-04-20 15:45:42.814 [info] > git symbolic-ref --short refs/remotes/origin/HEAD [37ms]
2026-04-20 15:45:42.814 [info] fatal: ref refs/remotes/origin/HEAD is not a symbolic ref
2026-04-20 15:45:42.814 [warning] [Repository][getDefaultBranch] Failed to get default branch details: Failed to execute git.
2026-04-20 15:45:42.833 [info] > git for-each-ref --sort -committerdate --format %(refname)%00%(objectname)%00%(*objectname) [29ms]
2026-04-20 15:45:42.834 [info] > git merge-base refs/heads/main refs/remotes/origin/main [4ms]
2026-04-20 15:45:42.849 [info] > git diff --raw --numstat --diff-filter=ADMR -z --find-renames=50% 2ae9d5204c3facc8c3eacc01bb797b5c74de224c...refs/remotes/origin/main -- [4ms]
2026-04-20 15:45:42.856 [info] > git status -z -uall [64ms]
2026-04-20 15:45:43.941 [info] > git check-ignore -v -z --stdin [20ms]
2026-04-20 15:45:49.641 [info] > git config --get commit.template [26ms]
2026-04-20 15:45:49.841 [info] > git for-each-ref --format=%(refname)%00%(upstream:short)%00%(objectname)%00%(upstream:track)%00%(upstream:remotename)%00%(upstream:remoteref) refs/heads/main refs/remotes/main [25ms]
2026-04-20 15:45:49.914 [info] > git for-each-ref --sort -committerdate --format %(refname)%00%(objectname)%00%(*objectname) [7ms]
2026-04-20 15:45:49.974 [info] > git status -z -uall [85ms]
2026-04-20 15:46:37.719 [info] > git config --get commit.template [13ms]
2026-04-20 15:46:37.721 [info] > git for-each-ref --format=%(refname)%00%(upstream:short)%00%(objectname)%00%(upstream:track)%00%(upstream:remotename)%00%(upstream:remoteref) refs/heads/main refs/remotes/main [6ms]
2026-04-20 15:46:37.749 [info] > git for-each-ref --sort -committerdate --format %(refname)%00%(objectname)%00%(*objectname) [3ms]
2026-04-20 15:46:37.782 [info] > git status -z -uall [50ms]
2026-04-20 15:46:53.459 [info] > git config --get commit.template [16ms]
2026-04-20 15:46:53.474 [info] > git for-each-ref --format=%(refname)%00%(upstream:short)%00%(objectname)%00%(upstream:track)%00%(upstream:remotename)%00%(upstream:remoteref) refs/heads/main refs/remotes/main [5ms]
2026-04-20 15:46:53.501 [info] > git for-each-ref --sort -committerdate --format %(refname)%00%(objectname)%00%(*objectname) [4ms]
2026-04-20 15:46:53.534 [info] > git status -z -uall [49ms]
2026-04-20 15:52:13.926 [info] > git config --get commit.template [3ms]
2026-04-20 15:52:13.937 [info] > git for-each-ref --format=%(refname)%00%(upstream:short)%00%(objectname)%00%(upstream:track)%00%(upstream:remotename)%00%(upstream:remoteref) refs/heads/main refs/remotes/main [2ms]
2026-04-20 15:52:13.959 [info] > git for-each-ref --sort -committerdate --format %(refname)%00%(objectname)%00%(*objectname) [3ms]
2026-04-20 15:52:13.993 [info] > git status -z -uall [46ms]
2026-04-20 15:52:19.070 [info] > git config --get commit.template [10ms]
2026-04-20 15:52:19.070 [info] > git for-each-ref --format=%(refname)%00%(upstream:short)%00%(objectname)%00%(upstream:track)%00%(upstream:remotename)%00%(upstream:remoteref) refs/heads/main refs/remotes/main [2ms]
2026-04-20 15:52:19.092 [info] > git for-each-ref --sort -committerdate --format %(refname)%00%(objectname)%00%(*objectname) [3ms]
2026-04-20 15:52:19.122 [info] > git status -z -uall [42ms]
2026-04-20 15:52:24.179 [info] > git config --get commit.template [11ms]
2026-04-20 15:52:24.181 [info] > git for-each-ref --format=%(refname)%00%(upstream:short)%00%(objectname)%00%(upstream:track)%00%(upstream:remotename)%00%(upstream:remoteref) refs/heads/main refs/remotes/main [3ms]
2026-04-20 15:52:24.209 [info] > git for-each-ref --sort -committerdate --format %(refname)%00%(objectname)%00%(*objectname) [5ms]
2026-04-20 15:52:24.239 [info] > git status -z -uall [47ms]
2026-04-20 15:57:09.820 [info] > git config --get commit.template [3ms]
2026-04-20 15:57:09.838 [info] > git for-each-ref --format=%(refname)%00%(upstream:short)%00%(objectname)%00%(upstream:track)%00%(upstream:remotename)%00%(upstream:remoteref) refs/heads/main refs/remotes/main [3ms]
2026-04-20 15:57:09.862 [info] > git for-each-ref --sort -committerdate --format %(refname)%00%(objectname)%00%(*objectname) [3ms]
2026-04-20 15:57:09.898 [info] > git status -z -uall [48ms]
2026-04-20 15:57:14.965 [info] > git config --get commit.template [10ms]
2026-04-20 15:57:14.966 [info] > git for-each-ref --format=%(refname)%00%(upstream:short)%00%(objectname)%00%(upstream:track)%00%(upstream:remotename)%00%(upstream:remoteref) refs/heads/main refs/remotes/main [3ms]
2026-04-20 15:57:14.989 [info] > git for-each-ref --sort -committerdate --format %(refname)%00%(objectname)%00%(*objectname) [3ms]
2026-04-20 15:57:15.019 [info] > git status -z -uall [42ms]
2026-04-20 15:57:44.726 [info] > git config --get commit.template [11ms]
2026-04-20 15:57:44.728 [info] > git for-each-ref --format=%(refname)%00%(upstream:short)%00%(objectname)%00%(upstream:track)%00%(upstream:remotename)%00%(upstream:remoteref) refs/heads/main refs/remotes/main [3ms]
2026-04-20 15:57:44.749 [info] > git for-each-ref --sort -committerdate --format %(refname)%00%(objectname)%00%(*objectname) [2ms]
2026-04-20 15:57:44.776 [info] > git status -z -uall [39ms]
2026-04-20 15:57:49.831 [info] > git config --get commit.template [11ms]
2026-04-20 15:57:49.832 [info] > git for-each-ref --format=%(refname)%00%(upstream:short)%00%(objectname)%00%(upstream:track)%00%(upstream:remotename)%00%(upstream:remoteref) refs/heads/main refs/remotes/main [2ms]
2026-04-20 15:57:49.855 [info] > git for-each-ref --sort -committerdate --format %(refname)%00%(objectname)%00%(*objectname) [3ms]
2026-04-20 15:57:49.888 [info] > git status -z -uall [45ms]
2026-04-20 15:58:58.623 [info] > git config --get commit.template [13ms]
2026-04-20 15:58:58.624 [info] > git for-each-ref --format=%(refname)%00%(upstream:short)%00%(objectname)%00%(upstream:track)%00%(upstream:remotename)%00%(upstream:remoteref) refs/heads/main refs/remotes/main [3ms]
2026-04-20 15:58:58.649 [info] > git for-each-ref --sort -committerdate --format %(refname)%00%(objectname)%00%(*objectname) [4ms]
2026-04-20 15:58:58.679 [info] > git status -z -uall [44ms]
2026-04-20 15:59:16.758 [info] > git config --get commit.template [12ms]
2026-04-20 15:59:16.758 [info] > git for-each-ref --format=%(refname)%00%(upstream:short)%00%(objectname)%00%(upstream:track)%00%(upstream:remotename)%00%(upstream:remoteref) refs/heads/main refs/remotes/main [2ms]
2026-04-20 15:59:16.780 [info] > git for-each-ref --sort -committerdate --format %(refname)%00%(objectname)%00%(*objectname) [3ms]
2026-04-20 15:59:16.810 [info] > git status -z -uall [42ms]
2026-04-20 15:59:21.869 [info] > git config --get commit.template [11ms]
2026-04-20 15:59:21.870 [info] > git for-each-ref --format=%(refname)%00%(upstream:short)%00%(objectname)%00%(upstream:track)%00%(upstream:remotename)%00%(upstream:remoteref) refs/heads/main refs/remotes/main [2ms]
2026-04-20 15:59:21.892 [info] > git for-each-ref --sort -committerdate --format %(refname)%00%(objectname)%00%(*objectname) [3ms]
2026-04-20 15:59:21.919 [info] > git status -z -uall [39ms]
2026-04-20 15:59:55.414 [info] > git config --get commit.template [1ms]
2026-04-20 15:59:55.426 [info] > git for-each-ref --format=%(refname)%00%(upstream:short)%00%(objectname)%00%(upstream:track)%00%(upstream:remotename)%00%(upstream:remoteref) refs/heads/main refs/remotes/main [3ms]
2026-04-20 15:59:55.449 [info] > git for-each-ref --sort -committerdate --format %(refname)%00%(objectname)%00%(*objectname) [3ms]
2026-04-20 15:59:55.481 [info] > git status -z -uall [45ms]
2026-04-20 16:05:19.777 [info] > git config --get commit.template [3ms]
2026-04-20 16:05:19.788 [info] > git for-each-ref --format=%(refname)%00%(upstream:short)%00%(objectname)%00%(upstream:track)%00%(upstream:remotename)%00%(upstream:remoteref) refs/heads/main refs/remotes/main [3ms]
2026-04-20 16:05:19.809 [info] > git for-each-ref --sort -committerdate --format %(refname)%00%(objectname)%00%(*objectname) [3ms]
2026-04-20 16:05:19.836 [info] > git status -z -uall [39ms]
2026-04-20 16:05:24.890 [info] > git for-each-ref --format=%(refname)%00%(upstream:short)%00%(objectname)%00%(upstream:track)%00%(upstream:remotename)%00%(upstream:remoteref) refs/heads/main refs/remotes/main [3ms]
2026-04-20 16:05:24.891 [info] > git config --get commit.template [13ms]
2026-04-20 16:05:24.911 [info] > git for-each-ref --sort -committerdate --format %(refname)%00%(objectname)%00%(*objectname) [3ms]
2026-04-20 16:05:24.938 [info] > git status -z -uall [39ms]
2026-04-20 16:08:04.577 [info] > git config --get commit.template [2ms]
2026-04-20 16:08:04.591 [info] > git for-each-ref --format=%(refname)%00%(upstream:short)%00%(objectname)%00%(upstream:track)%00%(upstream:remotename)%00%(upstream:remoteref) refs/heads/main refs/remotes/main [4ms]
2026-04-20 16:08:04.613 [info] > git for-each-ref --sort -committerdate --format %(refname)%00%(objectname)%00%(*objectname) [3ms]
2026-04-20 16:08:04.643 [info] > git status -z -uall [42ms]
2026-04-20 16:08:09.709 [info] > git config --get commit.template [15ms]
2026-04-20 16:08:09.711 [info] > git for-each-ref --format=%(refname)%00%(upstream:short)%00%(objectname)%00%(upstream:track)%00%(upstream:remotename)%00%(upstream:remoteref) refs/heads/main refs/remotes/main [3ms]
2026-04-20 16:08:09.747 [info] > git for-each-ref --sort -committerdate --format %(refname)%00%(objectname)%00%(*objectname) [5ms]
2026-04-20 16:08:09.778 [info] > git status -z -uall [55ms]
2026-04-20 16:08:19.895 [info] > git config --get commit.template [10ms]
2026-04-20 16:08:19.897 [info] > git for-each-ref --format=%(refname)%00%(upstream:short)%00%(objectname)%00%(upstream:track)%00%(upstream:remotename)%00%(upstream:remoteref) refs/heads/main refs/remotes/main [2ms]
2026-04-20 16:08:19.917 [info] > git for-each-ref --sort -committerdate --format %(refname)%00%(objectname)%00%(*objectname) [2ms]
2026-04-20 16:08:19.948 [info] > git status -z -uall [42ms]
2026-04-20 16:08:24.999 [info] > git config --get commit.template [10ms]
2026-04-20 16:08:25.001 [info] > git for-each-ref --format=%(refname)%00%(upstream:short)%00%(objectname)%00%(upstream:track)%00%(upstream:remotename)%00%(upstream:remoteref) refs/heads/main refs/remotes/main [3ms]
2026-04-20 16:08:25.023 [info] > git for-each-ref --sort -committerdate --format %(refname)%00%(objectname)%00%(*objectname) [3ms]
2026-04-20 16:08:25.049 [info] > git status -z -uall [38ms]
2026-04-20 16:08:36.814 [info] > git config --get commit.template [12ms]
2026-04-20 16:08:36.815 [info] > git for-each-ref --format=%(refname)%00%(upstream:short)%00%(objectname)%00%(upstream:track)%00%(upstream:remotename)%00%(upstream:remoteref) refs/heads/main refs/remotes/main [3ms]
2026-04-20 16:08:36.836 [info] > git for-each-ref --sort -committerdate --format %(refname)%00%(objectname)%00%(*objectname) [3ms]
2026-04-20 16:08:36.862 [info] > git status -z -uall [38ms]
2026-04-20 16:08:47.106 [info] > git config --get commit.template [12ms]
2026-04-20 16:08:47.108 [info] > git for-each-ref --format=%(refname)%00%(upstream:short)%00%(objectname)%00%(upstream:track)%00%(upstream:remotename)%00%(upstream:remoteref) refs/heads/main refs/remotes/main [3ms]
2026-04-20 16:08:47.130 [info] > git for-each-ref --sort -committerdate --format %(refname)%00%(objectname)%00%(*objectname) [3ms]
2026-04-20 16:08:47.158 [info] > git status -z -uall [40ms]
2026-04-20 16:08:52.206 [info] > git config --get commit.template [10ms]
2026-04-20 16:08:52.207 [info] > git for-each-ref --format=%(refname)%00%(upstream:short)%00%(objectname)%00%(upstream:track)%00%(upstream:remotename)%00%(upstream:remoteref) refs/heads/main refs/remotes/main [2ms]
2026-04-20 16:08:52.229 [info] > git for-each-ref --sort -committerdate --format %(refname)%00%(objectname)%00%(*objectname) [3ms]
2026-04-20 16:08:52.255 [info] > git status -z -uall [37ms]
2026-04-20 16:08:59.771 [info] > git config --get commit.template [3ms]
2026-04-20 16:08:59.782 [info] > git for-each-ref --format=%(refname)%00%(upstream:short)%00%(objectname)%00%(upstream:track)%00%(upstream:remotename)%00%(upstream:remoteref) refs/heads/main refs/remotes/main [2ms]
2026-04-20 16:08:59.803 [info] > git for-each-ref --sort -committerdate --format %(refname)%00%(objectname)%00%(*objectname) [3ms]
2026-04-20 16:08:59.829 [info] > git status -z -uall [38ms]
2026-04-20 16:09:14.097 [info] > git config --get commit.template [2ms]
2026-04-20 16:09:14.109 [info] > git for-each-ref --format=%(refname)%00%(upstream:short)%00%(objectname)%00%(upstream:track)%00%(upstream:remotename)%00%(upstream:remoteref) refs/heads/main refs/remotes/main [3ms]
2026-04-20 16:09:14.133 [info] > git for-each-ref --sort -committerdate --format %(refname)%00%(objectname)%00%(*objectname) [3ms]
2026-04-20 16:09:14.161 [info] > git status -z -uall [42ms]
2026-04-20 16:09:32.799 [info] > git check-ignore -v -z --stdin [2ms]
2026-04-20 16:09:33.739 [info] > git check-ignore -v -z --stdin [2ms]
2026-04-20 16:09:37.234 [info] > git config --get commit.template [9ms]
2026-04-20 16:09:37.235 [info] > git for-each-ref --format=%(refname)%00%(upstream:short)%00%(objectname)%00%(upstream:track)%00%(upstream:remotename)%00%(upstream:remoteref) refs/heads/main refs/remotes/main [2ms]
2026-04-20 16:09:37.256 [info] > git for-each-ref --sort -committerdate --format %(refname)%00%(objectname)%00%(*objectname) [3ms]
2026-04-20 16:09:37.300 [info] > git status -z -uall [55ms]
2026-04-20 16:09:41.948 [info] > git check-ignore -v -z --stdin [3ms]
2026-04-20 16:09:42.409 [info] > git config --get commit.template [11ms]
2026-04-20 16:09:42.410 [info] > git for-each-ref --format=%(refname)%00%(upstream:short)%00%(objectname)%00%(upstream:track)%00%(upstream:remotename)%00%(upstream:remoteref) refs/heads/main refs/remotes/main [2ms]
2026-04-20 16:09:42.431 [info] > git for-each-ref --sort -committerdate --format %(refname)%00%(objectname)%00%(*objectname) [3ms]
2026-04-20 16:09:42.476 [info] > git status -z -uall [57ms]
2026-04-20 16:09:47.578 [info] > git config --get commit.template [10ms]
2026-04-20 16:09:47.580 [info] > git for-each-ref --format=%(refname)%00%(upstream:short)%00%(objectname)%00%(upstream:track)%00%(upstream:remotename)%00%(upstream:remoteref) refs/heads/main refs/remotes/main [3ms]
2026-04-20 16:09:47.602 [info] > git for-each-ref --sort -committerdate --format %(refname)%00%(objectname)%00%(*objectname) [3ms]
2026-04-20 16:09:47.644 [info] > git status -z -uall [54ms]
2026-04-20 16:10:19.310 [info] > git config --get commit.template [2ms]
2026-04-20 16:10:19.323 [info] > git for-each-ref --format=%(refname)%00%(upstream:short)%00%(objectname)%00%(upstream:track)%00%(upstream:remotename)%00%(upstream:remoteref) refs/heads/main refs/remotes/main [4ms]
2026-04-20 16:10:19.352 [info] > git for-each-ref --sort -committerdate --format %(refname)%00%(objectname)%00%(*objectname) [6ms]
2026-04-20 16:10:19.410 [info] > git status -z -uall [75ms]
2026-04-20 16:10:32.950 [info] > git check-ignore -v -z --stdin [34ms]
2026-04-20 16:10:32.950 [info] > git check-ignore -v -z --stdin [9ms]
2026-04-20 16:10:33.212 [info] > git ls-files --stage -- main.py [4ms]
2026-04-20 16:10:33.223 [info] > git show --textconv :main.py [27ms]
2026-04-20 16:10:33.225 [info] > git cat-file -s 6947bd61620856a32d493f597e57b1737df0b740 [3ms]
2026-04-20 16:10:33.475 [info] > git check-ignore -v -z --stdin [11ms]
2026-04-20 16:10:33.509 [info] > git blame --root --incremental 2ae9d5204c3facc8c3eacc01bb797b5c74de224c -- main.py [18ms]
2026-04-20 16:10:41.481 [info] > git config --get commit.template [11ms]
2026-04-20 16:10:41.482 [info] > git for-each-ref --format=%(refname)%00%(upstream:short)%00%(objectname)%00%(upstream:track)%00%(upstream:remotename)%00%(upstream:remoteref) refs/heads/main refs/remotes/main [3ms]
2026-04-20 16:10:41.505 [info] > git for-each-ref --sort -committerdate --format %(refname)%00%(objectname)%00%(*objectname) [3ms]
2026-04-20 16:10:41.551 [info] > git status -z -uall [59ms]
2026-04-20 16:10:48.000 [info] > git check-ignore -v -z --stdin [3ms]
2026-04-20 16:38:03.462 [info] > git config --get commit.template [11ms]
2026-04-20 16:38:03.465 [info] > git for-each-ref --format=%(refname)%00%(upstream:short)%00%(objectname)%00%(upstream:track)%00%(upstream:remotename)%00%(upstream:remoteref) refs/heads/main refs/remotes/main [4ms]
2026-04-20 16:38:03.487 [info] > git for-each-ref --sort -committerdate --format %(refname)%00%(objectname)%00%(*objectname) [3ms]
2026-04-20 16:38:03.550 [info] > git status -z -uall [75ms]
2026-04-20 16:38:08.683 [info] > git config --get commit.template [14ms]
2026-04-20 16:38:08.704 [info] > git for-each-ref --format=%(refname)%00%(upstream:short)%00%(objectname)%00%(upstream:track)%00%(upstream:remotename)%00%(upstream:remoteref) refs/heads/main refs/remotes/main [24ms]
2026-04-20 16:38:08.723 [info] > git check-ignore -v -z --stdin [21ms]
2026-04-20 16:38:08.745 [info] > git for-each-ref --sort -committerdate --format %(refname)%00%(objectname)%00%(*objectname) [3ms]
2026-04-20 16:38:08.789 [info] > git status -z -uall [56ms]
2026-04-20 16:38:14.359 [info] > git check-ignore -v -z --stdin [2ms]
2026-04-20 16:38:14.476 [info] > git show --textconv :main.py [11ms]
2026-04-20 16:38:14.477 [info] > git ls-files --stage -- main.py [2ms]
2026-04-20 16:38:14.489 [info] > git cat-file -s 6947bd61620856a32d493f597e57b1737df0b740 [2ms]
2026-04-20 16:38:14.723 [info] > git check-ignore -v -z --stdin [2ms]
2026-04-20 16:38:15.300 [info] > git config --get commit.template [10ms]
2026-04-20 16:38:15.302 [info] > git for-each-ref --format=%(refname)%00%(upstream:short)%00%(objectname)%00%(upstream:track)%00%(upstream:remotename)%00%(upstream:remoteref) refs/heads/main refs/remotes/main [2ms]
2026-04-20 16:38:15.324 [info] > git for-each-ref --sort -committerdate --format %(refname)%00%(objectname)%00%(*objectname) [3ms]
2026-04-20 16:38:15.368 [info] > git status -z -uall [57ms]
2026-04-20 16:38:19.011 [info] > git check-ignore -v -z --stdin [3ms]
2026-04-20 16:38:21.095 [info] > git config --get commit.template [2ms]
2026-04-20 16:38:21.107 [info] > git for-each-ref --format=%(refname)%00%(upstream:short)%00%(objectname)%00%(upstream:track)%00%(upstream:remotename)%00%(upstream:remoteref) refs/heads/main refs/remotes/main [2ms]
2026-04-20 16:38:21.133 [info] > git for-each-ref --sort -committerdate --format %(refname)%00%(objectname)%00%(*objectname) [7ms]
2026-04-20 16:38:21.172 [info] > git status -z -uall [55ms]
2026-04-20 16:38:25.234 [info] > git check-ignore -v -z --stdin [7ms]
2026-04-20 16:38:26.263 [info] > git config --get commit.template [11ms]
2026-04-20 16:38:26.264 [info] > git for-each-ref --format=%(refname)%00%(upstream:short)%00%(objectname)%00%(upstream:track)%00%(upstream:remotename)%00%(upstream:remoteref) refs/heads/main refs/remotes/main [2ms]
2026-04-20 16:38:26.286 [info] > git for-each-ref --sort -committerdate --format %(refname)%00%(objectname)%00%(*objectname) [2ms]
2026-04-20 16:38:26.328 [info] > git status -z -uall [54ms]
2026-04-20 16:38:30.329 [info] > git check-ignore -v -z --stdin [7ms]
2026-04-20 16:40:50.692 [info] > git config --get commit.template [16ms]
2026-04-20 16:40:50.695 [info] > git for-each-ref --format=%(refname)%00%(upstream:short)%00%(objectname)%00%(upstream:track)%00%(upstream:remotename)%00%(upstream:remoteref) refs/heads/main refs/remotes/main [4ms]
2026-04-20 16:40:50.729 [info] > git for-each-ref --sort -committerdate --format %(refname)%00%(objectname)%00%(*objectname) [4ms]
2026-04-20 16:40:50.783 [info] > git status -z -uall [74ms]
2026-04-20 16:40:58.342 [info] > git check-ignore -v -z --stdin [4ms]
2026-04-20 16:44:46.181 [info] > git config --get commit.template [13ms]
2026-04-20 16:44:46.183 [info] > git for-each-ref --format=%(refname)%00%(upstream:short)%00%(objectname)%00%(upstream:track)%00%(upstream:remotename)%00%(upstream:remoteref) refs/heads/main refs/remotes/main [3ms]
2026-04-20 16:44:46.206 [info] > git for-each-ref --sort -committerdate --format %(refname)%00%(objectname)%00%(*objectname) [3ms]
2026-04-20 16:44:46.250 [info] > git status -z -uall [57ms]
2026-04-20 16:44:49.806 [info] > git check-ignore -v -z --stdin [10ms]
2026-04-20 16:44:49.927 [info] > git show --textconv :main.py [15ms]
2026-04-20 16:44:49.928 [info] > git ls-files --stage -- main.py [3ms]
2026-04-20 16:44:49.944 [info] > git cat-file -s 6947bd61620856a32d493f597e57b1737df0b740 [2ms]
2026-04-20 16:44:51.284 [info] > git check-ignore -v -z --stdin [6ms]
2026-04-20 16:44:51.339 [info] > git config --get commit.template [2ms]
2026-04-20 16:44:51.353 [info] > git for-each-ref --format=%(refname)%00%(upstream:short)%00%(objectname)%00%(upstream:track)%00%(upstream:remotename)%00%(upstream:remoteref) refs/heads/main refs/remotes/main [2ms]
2026-04-20 16:44:51.382 [info] > git for-each-ref --sort -committerdate --format %(refname)%00%(objectname)%00%(*objectname) [4ms]
2026-04-20 16:44:51.414 [info] > git show --textconv :main.py [18ms]
2026-04-20 16:44:51.414 [info] > git ls-files --stage -- main.py [2ms]
2026-04-20 16:44:51.430 [info] > git cat-file -s 6947bd61620856a32d493f597e57b1737df0b740 [3ms]
2026-04-20 16:44:51.436 [info] > git status -z -uall [72ms]
2026-04-20 16:44:56.539 [info] > git config --get commit.template [11ms]
2026-04-20 16:44:56.541 [info] > git for-each-ref --format=%(refname)%00%(upstream:short)%00%(objectname)%00%(upstream:track)%00%(upstream:remotename)%00%(upstream:remoteref) refs/heads/main refs/remotes/main [3ms]
2026-04-20 16:44:56.584 [info] > git for-each-ref --sort -committerdate --format %(refname)%00%(objectname)%00%(*objectname) [22ms]
2026-04-20 16:44:56.585 [info] > git check-ignore -v -z --stdin [3ms]
2026-04-20 16:44:56.611 [info] > git status -z -uall [59ms]
2026-04-20 16:45:02.332 [info] > git check-ignore -v -z --stdin [2ms]
2026-04-20 16:48:35.852 [info] > git config --get commit.template [17ms]
2026-04-20 16:48:35.853 [info] > git for-each-ref --format=%(refname)%00%(upstream:short)%00%(objectname)%00%(upstream:track)%00%(upstream:remotename)%00%(upstream:remoteref) refs/heads/main refs/remotes/main [2ms]
2026-04-20 16:48:35.888 [info] > git for-each-ref --sort -committerdate --format %(refname)%00%(objectname)%00%(*objectname) [2ms]
2026-04-20 16:48:35.936 [info] > git status -z -uall [68ms]
2026-04-20 16:48:42.149 [info] > git check-ignore -v -z --stdin [21ms]
2026-04-20 16:48:42.152 [info] > git config --get commit.template [4ms]
2026-04-20 16:48:42.171 [info] > git for-each-ref --format=%(refname)%00%(upstream:short)%00%(objectname)%00%(upstream:track)%00%(upstream:remotename)%00%(upstream:remoteref) refs/heads/main refs/remotes/main [4ms]
2026-04-20 16:48:42.207 [info] > git for-each-ref --sort -committerdate --format %(refname)%00%(objectname)%00%(*objectname) [3ms]
2026-04-20 16:48:42.253 [info] > git status -z -uall [63ms]
2026-04-20 16:48:47.331 [info] > git check-ignore -v -z --stdin [6ms]
2026-04-20 16:50:24.479 [info] > git config --get commit.template [11ms]
2026-04-20 16:50:24.481 [info] > git for-each-ref --format=%(refname)%00%(upstream:short)%00%(objectname)%00%(upstream:track)%00%(upstream:remotename)%00%(upstream:remoteref) refs/heads/main refs/remotes/main [4ms]
2026-04-20 16:50:24.500 [info] > git for-each-ref --sort -committerdate --format %(refname)%00%(objectname)%00%(*objectname) [3ms]
2026-04-20 16:50:24.552 [info] > git status -z -uall [63ms]
2026-04-20 16:50:28.209 [info] > git check-ignore -v -z --stdin [3ms]
2026-04-20 16:50:29.323 [info] > git check-ignore -v -z --stdin [2ms]
2026-04-20 16:50:42.953 [info] > git config --get commit.template [11ms]
2026-04-20 16:50:42.954 [info] > git for-each-ref --format=%(refname)%00%(upstream:short)%00%(objectname)%00%(upstream:track)%00%(upstream:remotename)%00%(upstream:remoteref) refs/heads/main refs/remotes/main [2ms]
2026-04-20 16:50:42.975 [info] > git for-each-ref --sort -committerdate --format %(refname)%00%(objectname)%00%(*objectname) [3ms]
2026-04-20 16:50:43.022 [info] > git status -z -uall [59ms]
2026-04-20 16:50:47.068 [info] > git check-ignore -v -z --stdin [3ms]
2026-04-20 16:57:09.040 [info] > git config --get commit.template [14ms]
2026-04-20 16:57:09.082 [info] > git for-each-ref --format=%(refname)%00%(upstream:short)%00%(objectname)%00%(upstream:track)%00%(upstream:remotename)%00%(upstream:remoteref) refs/heads/main refs/remotes/main [47ms]
2026-04-20 16:57:09.105 [info] > git for-each-ref --sort -committerdate --format %(refname)%00%(objectname)%00%(*objectname) [5ms]
2026-04-20 16:57:09.172 [info] > git status -z -uall [81ms]
2026-04-20 16:57:13.279 [info] > git check-ignore -v -z --stdin [2ms]
2026-04-20 16:57:14.399 [info] > git config --get commit.template [9ms]
2026-04-20 16:57:14.401 [info] > git for-each-ref --format=%(refname)%00%(upstream:short)%00%(objectname)%00%(upstream:track)%00%(upstream:remotename)%00%(upstream:remoteref) refs/heads/main refs/remotes/main [3ms]
2026-04-20 16:57:14.420 [info] > git for-each-ref --sort -committerdate --format %(refname)%00%(objectname)%00%(*objectname) [3ms]
2026-04-20 16:57:14.467 [info] > git status -z -uall [58ms]
2026-04-20 16:57:19.566 [info] > git config --get commit.template [10ms]
2026-04-20 16:57:19.599 [info] > git for-each-ref --format=%(refname)%00%(upstream:short)%00%(objectname)%00%(upstream:track)%00%(upstream:remotename)%00%(upstream:remoteref) refs/heads/main refs/remotes/main [7ms]
2026-04-20 16:57:19.673 [info] > git for-each-ref --sort -committerdate --format %(refname)%00%(objectname)%00%(*objectname) [11ms]
2026-04-20 16:57:19.817 [info] > git status -z -uall [191ms]
2026-04-20 16:57:23.643 [info] > git check-ignore -v -z --stdin [4ms]
2026-04-20 16:57:23.952 [info] > git check-ignore -v -z --stdin [3ms]
2026-04-20 16:57:24.935 [info] > git check-ignore -v -z --stdin [3ms]
2026-04-20 16:57:25.064 [info] > git ls-files --stage -- Dockerfile [4ms]
2026-04-20 16:57:25.077 [info] > git show --textconv :Dockerfile [27ms]
2026-04-20 16:57:25.082 [info] > git cat-file -s bb244e4b6bb75a63e2da336ebe08a80c451709ff [5ms]
2026-04-20 16:57:25.178 [info] > git config --get commit.template [13ms]
2026-04-20 16:57:25.180 [info] > git for-each-ref --format=%(refname)%00%(upstream:short)%00%(objectname)%00%(upstream:track)%00%(upstream:remotename)%00%(upstream:remoteref) refs/heads/main refs/remotes/main [4ms]
2026-04-20 16:57:25.209 [info] > git for-each-ref --sort -committerdate --format %(refname)%00%(objectname)%00%(*objectname) [3ms]
2026-04-20 16:57:25.273 [info] > git status -z -uall [80ms]
2026-04-20 16:57:26.666 [info] > git blame --root --incremental 2ae9d5204c3facc8c3eacc01bb797b5c74de224c -- Dockerfile [4ms]
2026-04-20 16:57:29.663 [info] > git check-ignore -v -z --stdin [3ms]
2026-04-20 16:57:29.949 [info] > git check-ignore -v -z --stdin [3ms]
2026-04-20 16:57:30.245 [info] > git check-ignore -v -z --stdin [2ms]
2026-04-20 16:57:30.395 [info] > git config --get commit.template [11ms]
2026-04-20 16:57:30.397 [info] > git for-each-ref --format=%(refname)%00%(upstream:short)%00%(objectname)%00%(upstream:track)%00%(upstream:remotename)%00%(upstream:remoteref) refs/heads/main refs/remotes/main [3ms]
2026-04-20 16:57:30.418 [info] > git for-each-ref --sort -committerdate --format %(refname)%00%(objectname)%00%(*objectname) [3ms]
2026-04-20 16:57:30.465 [info] > git status -z -uall [59ms]
2026-04-20 16:57:34.335 [info] > git check-ignore -v -z --stdin [2ms]
2026-04-20 16:57:41.654 [info] > git config --get commit.template [10ms]
2026-04-20 16:57:41.656 [info] > git for-each-ref --format=%(refname)%00%(upstream:short)%00%(objectname)%00%(upstream:track)%00%(upstream:remotename)%00%(upstream:remoteref) refs/heads/main refs/remotes/main [3ms]
2026-04-20 16:57:41.678 [info] > git for-each-ref --sort -committerdate --format %(refname)%00%(objectname)%00%(*objectname) [3ms]
2026-04-20 16:57:41.721 [info] > git status -z -uall [56ms]
2026-04-20 16:57:46.324 [info] > git check-ignore -v -z --stdin [3ms]
2026-04-20 17:24:09.090 [info] > git config --get commit.template [12ms]
2026-04-20 17:24:09.092 [info] > git for-each-ref --format=%(refname)%00%(upstream:short)%00%(objectname)%00%(upstream:track)%00%(upstream:remotename)%00%(upstream:remoteref) refs/heads/main refs/remotes/main [2ms]
2026-04-20 17:24:09.112 [info] > git for-each-ref --sort -committerdate --format %(refname)%00%(objectname)%00%(*objectname) [2ms]
2026-04-20 17:24:09.165 [info] > git status -z -uall [64ms]
2026-04-20 17:24:14.273 [info] > git config --get commit.template [10ms]
2026-04-20 17:24:14.274 [info] > git for-each-ref --format=%(refname)%00%(upstream:short)%00%(objectname)%00%(upstream:track)%00%(upstream:remotename)%00%(upstream:remoteref) refs/heads/main refs/remotes/main [2ms]
2026-04-20 17:24:14.296 [info] > git for-each-ref --sort -committerdate --format %(refname)%00%(objectname)%00%(*objectname) [3ms]
2026-04-20 17:24:14.346 [info] > git status -z -uall [62ms]
2026-04-20 17:24:20.327 [info] > git check-ignore -v -z --stdin [2ms]
2026-04-20 17:24:20.443 [info] > git show --textconv :main.py [11ms]
2026-04-20 17:24:20.444 [info] > git ls-files --stage -- main.py [2ms]
2026-04-20 17:24:20.455 [info] > git cat-file -s 6947bd61620856a32d493f597e57b1737df0b740 [2ms]
2026-04-20 17:24:20.712 [info] > git config --get commit.template [16ms]
2026-04-20 17:24:20.714 [info] > git for-each-ref --format=%(refname)%00%(upstream:short)%00%(objectname)%00%(upstream:track)%00%(upstream:remotename)%00%(upstream:remoteref) refs/heads/main refs/remotes/main [3ms]
2026-04-20 17:24:20.737 [info] > git for-each-ref --sort -committerdate --format %(refname)%00%(objectname)%00%(*objectname) [2ms]
2026-04-20 17:24:20.778 [info] > git status -z -uall [53ms]
2026-04-20 17:24:20.874 [info] > git check-ignore -v -z --stdin [3ms]
2026-04-20 17:24:24.624 [info] > git check-ignore -v -z --stdin [2ms]
2026-04-20 17:24:25.867 [info] > git config --get commit.template [12ms]
2026-04-20 17:24:25.868 [info] > git for-each-ref --format=%(refname)%00%(upstream:short)%00%(objectname)%00%(upstream:track)%00%(upstream:remotename)%00%(upstream:remoteref) refs/heads/main refs/remotes/main [3ms]
2026-04-20 17:24:25.892 [info] > git for-each-ref --sort -committerdate --format %(refname)%00%(objectname)%00%(*objectname) [7ms]
2026-04-20 17:24:25.930 [info] > git status -z -uall [54ms]
2026-04-20 17:24:29.610 [info] > git check-ignore -v -z --stdin [7ms]
2026-04-20 17:24:31.013 [info] > git config --get commit.template [12ms]
2026-04-20 17:24:31.015 [info] > git for-each-ref --format=%(refname)%00%(upstream:short)%00%(objectname)%00%(upstream:track)%00%(upstream:remotename)%00%(upstream:remoteref) refs/heads/main refs/remotes/main [3ms]
2026-04-20 17:24:31.037 [info] > git for-each-ref --sort -committerdate --format %(refname)%00%(objectname)%00%(*objectname) [4ms]
2026-04-20 17:24:31.086 [info] > git status -z -uall [62ms]
2026-04-20 17:24:35.120 [info] > git check-ignore -v -z --stdin [2ms]
2026-04-20 17:24:36.174 [info] > git config --get commit.template [11ms]
2026-04-20 17:24:36.176 [info] > git for-each-ref --format=%(refname)%00%(upstream:short)%00%(objectname)%00%(upstream:track)%00%(upstream:remotename)%00%(upstream:remoteref) refs/heads/main refs/remotes/main [3ms]
2026-04-20 17:24:36.197 [info] > git for-each-ref --sort -committerdate --format %(refname)%00%(objectname)%00%(*objectname) [3ms]
2026-04-20 17:24:36.239 [info] > git status -z -uall [54ms]
2026-04-20 17:24:40.034 [info] > git check-ignore -v -z --stdin [7ms]
2026-04-20 17:24:42.742 [info] > git check-ignore -v -z --stdin [2ms]
2026-04-20 17:24:47.467 [info] > git config --get commit.template [10ms]
2026-04-20 17:24:47.468 [info] > git for-each-ref --format=%(refname)%00%(upstream:short)%00%(objectname)%00%(upstream:track)%00%(upstream:remotename)%00%(upstream:remoteref) refs/heads/main refs/remotes/main [2ms]
2026-04-20 17:24:47.489 [info] > git for-each-ref --sort -committerdate --format %(refname)%00%(objectname)%00%(*objectname) [2ms]
2026-04-20 17:24:47.537 [info] > git status -z -uall [59ms]
2026-04-20 17:24:51.795 [info] > git check-ignore -v -z --stdin [2ms]
2026-04-20 17:24:52.868 [info] > git config --get commit.template [11ms]
2026-04-20 17:24:52.870 [info] > git for-each-ref --format=%(refname)%00%(upstream:short)%00%(objectname)%00%(upstream:track)%00%(upstream:remotename)%00%(upstream:remoteref) refs/heads/main refs/remotes/main [3ms]
2026-04-20 17:24:52.892 [info] > git for-each-ref --sort -committerdate --format %(refname)%00%(objectname)%00%(*objectname) [3ms]
2026-04-20 17:24:52.934 [info] > git status -z -uall [54ms]
2026-04-20 17:24:57.034 [info] > git check-ignore -v -z --stdin [2ms]
2026-04-20 17:25:08.786 [info] > git config --get commit.template [11ms]
2026-04-20 17:25:08.787 [info] > git for-each-ref --format=%(refname)%00%(upstream:short)%00%(objectname)%00%(upstream:track)%00%(upstream:remotename)%00%(upstream:remoteref) refs/heads/main refs/remotes/main [2ms]
2026-04-20 17:25:08.808 [info] > git for-each-ref --sort -committerdate --format %(refname)%00%(objectname)%00%(*objectname) [2ms]
2026-04-20 17:25:08.850 [info] > git status -z -uall [53ms]
2026-04-20 17:25:13.355 [info] > git check-ignore -v -z --stdin [2ms]
2026-04-20 17:25:18.081 [info] > git config --get commit.template [2ms]
2026-04-20 17:25:18.093 [info] > git for-each-ref --format=%(refname)%00%(upstream:short)%00%(objectname)%00%(upstream:track)%00%(upstream:remotename)%00%(upstream:remoteref) refs/heads/main refs/remotes/main [3ms]
2026-04-20 17:25:18.116 [info] > git for-each-ref --sort -committerdate --format %(refname)%00%(objectname)%00%(*objectname) [2ms]
2026-04-20 17:25:18.159 [info] > git status -z -uall [55ms]
2026-04-20 17:25:21.849 [info] > git check-ignore -v -z --stdin [3ms]
2026-04-20 17:25:23.238 [info] > git config --get commit.template [10ms]
2026-04-20 17:25:23.239 [info] > git for-each-ref --format=%(refname)%00%(upstream:short)%00%(objectname)%00%(upstream:track)%00%(upstream:remotename)%00%(upstream:remoteref) refs/heads/main refs/remotes/main [2ms]
2026-04-20 17:25:23.259 [info] > git for-each-ref --sort -committerdate --format %(refname)%00%(objectname)%00%(*objectname) [3ms]
2026-04-20 17:25:23.309 [info] > git status -z -uall [61ms]
2026-04-20 17:25:26.941 [info] > git check-ignore -v -z --stdin [2ms]
2026-04-20 17:25:28.401 [info] > git config --get commit.template [9ms]
2026-04-20 17:25:28.402 [info] > git for-each-ref --format=%(refname)%00%(upstream:short)%00%(objectname)%00%(upstream:track)%00%(upstream:remotename)%00%(upstream:remoteref) refs/heads/main refs/remotes/main [2ms]
2026-04-20 17:25:28.422 [info] > git for-each-ref --sort -committerdate --format %(refname)%00%(objectname)%00%(*objectname) [3ms]
2026-04-20 17:25:28.466 [info] > git status -z -uall [55ms]
2026-04-20 17:25:32.298 [info] > git check-ignore -v -z --stdin [2ms]
2026-04-20 17:25:33.549 [info] > git config --get commit.template [10ms]
2026-04-20 17:25:33.550 [info] > git for-each-ref --format=%(refname)%00%(upstream:short)%00%(objectname)%00%(upstream:track)%00%(upstream:remotename)%00%(upstream:remoteref) refs/heads/main refs/remotes/main [2ms]
2026-04-20 17:25:33.569 [info] > git for-each-ref --sort -committerdate --format %(refname)%00%(objectname)%00%(*objectname) [3ms]
2026-04-20 17:25:33.612 [info] > git status -z -uall [53ms]
2026-04-20 17:25:37.647 [info] > git check-ignore -v -z --stdin [1ms]
2026-04-20 17:25:38.692 [info] > git config --get commit.template [10ms]
2026-04-20 17:25:38.693 [info] > git for-each-ref --format=%(refname)%00%(upstream:short)%00%(objectname)%00%(upstream:track)%00%(upstream:remotename)%00%(upstream:remoteref) refs/heads/main refs/remotes/main [2ms]
2026-04-20 17:25:38.713 [info] > git for-each-ref --sort -committerdate --format %(refname)%00%(objectname)%00%(*objectname) [3ms]
2026-04-20 17:25:38.755 [info] > git status -z -uall [53ms]
2026-04-20 17:25:42.906 [info] > git check-ignore -v -z --stdin [2ms]
2026-04-20 17:25:43.838 [info] > git config --get commit.template [10ms]
2026-04-20 17:25:43.839 [info] > git for-each-ref --format=%(refname)%00%(upstream:short)%00%(objectname)%00%(upstream:track)%00%(upstream:remotename)%00%(upstream:remoteref) refs/heads/main refs/remotes/main [2ms]
2026-04-20 17:25:43.862 [info] > git for-each-ref --sort -committerdate --format %(refname)%00%(objectname)%00%(*objectname) [2ms]
2026-04-20 17:25:43.905 [info] > git status -z -uall [56ms]
2026-04-20 17:25:47.850 [info] > git check-ignore -v -z --stdin [8ms]
2026-04-20 17:25:48.986 [info] > git config --get commit.template [11ms]
2026-04-20 17:25:48.987 [info] > git for-each-ref --format=%(refname)%00%(upstream:short)%00%(objectname)%00%(upstream:track)%00%(upstream:remotename)%00%(upstream:remoteref) refs/heads/main refs/remotes/main [2ms]
2026-04-20 17:25:49.008 [info] > git for-each-ref --sort -committerdate --format %(refname)%00%(objectname)%00%(*objectname) [3ms]
2026-04-20 17:25:49.055 [info] > git status -z -uall [57ms]
2026-04-20 17:25:52.803 [info] > git check-ignore -v -z --stdin [3ms]
2026-04-20 17:25:54.140 [info] > git config --get commit.template [11ms]
2026-04-20 17:25:54.142 [info] > git for-each-ref --format=%(refname)%00%(upstream:short)%00%(objectname)%00%(upstream:track)%00%(upstream:remotename)%00%(upstream:remoteref) refs/heads/main refs/remotes/main [3ms]
2026-04-20 17:25:54.166 [info] > git for-each-ref --sort -committerdate --format %(refname)%00%(objectname)%00%(*objectname) [3ms]
2026-04-20 17:25:54.209 [info] > git status -z -uall [56ms]
2026-04-20 17:25:57.835 [info] > git check-ignore -v -z --stdin [2ms]
2026-04-20 17:25:59.294 [info] > git config --get commit.template [9ms]
2026-04-20 17:25:59.296 [info] > git for-each-ref --format=%(refname)%00%(upstream:short)%00%(objectname)%00%(upstream:track)%00%(upstream:remotename)%00%(upstream:remoteref) refs/heads/main refs/remotes/main [3ms]
2026-04-20 17:25:59.317 [info] > git for-each-ref --sort -committerdate --format %(refname)%00%(objectname)%00%(*objectname) [2ms]
2026-04-20 17:25:59.360 [info] > git status -z -uall [53ms]
2026-04-20 17:26:02.943 [info] > git check-ignore -v -z --stdin [2ms]
2026-04-20 17:26:04.445 [info] > git config --get commit.template [11ms]
2026-04-20 17:26:04.446 [info] > git for-each-ref --format=%(refname)%00%(upstream:short)%00%(objectname)%00%(upstream:track)%00%(upstream:remotename)%00%(upstream:remoteref) refs/heads/main refs/remotes/main [2ms]
2026-04-20 17:26:04.468 [info] > git for-each-ref --sort -committerdate --format %(refname)%00%(objectname)%00%(*objectname) [3ms]
2026-04-20 17:26:04.510 [info] > git status -z -uall [53ms]
2026-04-20 17:26:08.062 [info] > git check-ignore -v -z --stdin [2ms]
2026-04-20 17:26:09.589 [info] > git config --get commit.template [11ms]
2026-04-20 17:26:09.591 [info] > git for-each-ref --format=%(refname)%00%(upstream:short)%00%(objectname)%00%(upstream:track)%00%(upstream:remotename)%00%(upstream:remoteref) refs/heads/main refs/remotes/main [3ms]
2026-04-20 17:26:09.616 [info] > git for-each-ref --sort -committerdate --format %(refname)%00%(objectname)%00%(*objectname) [3ms]
2026-04-20 17:26:09.662 [info] > git status -z -uall [61ms]
2026-04-20 17:26:13.451 [info] > git check-ignore -v -z --stdin [2ms]
2026-04-20 17:26:14.742 [info] > git config --get commit.template [11ms]
2026-04-20 17:26:14.743 [info] > git for-each-ref --format=%(refname)%00%(upstream:short)%00%(objectname)%00%(upstream:track)%00%(upstream:remotename)%00%(upstream:remoteref) refs/heads/main refs/remotes/main [2ms]
2026-04-20 17:26:14.765 [info] > git for-each-ref --sort -committerdate --format %(refname)%00%(objectname)%00%(*objectname) [2ms]
2026-04-20 17:26:14.808 [info] > git status -z -uall [53ms]
2026-04-20 17:26:18.708 [info] > git check-ignore -v -z --stdin [2ms]
2026-04-20 17:26:19.887 [info] > git config --get commit.template [10ms]
2026-04-20 17:26:19.889 [info] > git for-each-ref --format=%(refname)%00%(upstream:short)%00%(objectname)%00%(upstream:track)%00%(upstream:remotename)%00%(upstream:remoteref) refs/heads/main refs/remotes/main [3ms]
2026-04-20 17:26:19.911 [info] > git for-each-ref --sort -committerdate --format %(refname)%00%(objectname)%00%(*objectname) [3ms]
2026-04-20 17:26:19.956 [info] > git status -z -uall [57ms]
2026-04-20 17:26:24.154 [info] > git check-ignore -v -z --stdin [3ms]
2026-04-20 17:26:25.037 [info] > git config --get commit.template [11ms]
2026-04-20 17:26:25.039 [info] > git for-each-ref --format=%(refname)%00%(upstream:short)%00%(objectname)%00%(upstream:track)%00%(upstream:remotename)%00%(upstream:remoteref) refs/heads/main refs/remotes/main [3ms]
2026-04-20 17:26:25.065 [info] > git for-each-ref --sort -committerdate --format %(refname)%00%(objectname)%00%(*objectname) [2ms]
2026-04-20 17:26:25.107 [info] > git status -z -uall [57ms]
2026-04-20 17:26:29.446 [info] > git check-ignore -v -z --stdin [2ms]
2026-04-20 17:26:31.476 [info] > git config --get commit.template [3ms]
2026-04-20 17:26:31.488 [info] > git for-each-ref --format=%(refname)%00%(upstream:short)%00%(objectname)%00%(upstream:track)%00%(upstream:remotename)%00%(upstream:remoteref) refs/heads/main refs/remotes/main [3ms]
2026-04-20 17:26:31.511 [info] > git for-each-ref --sort -committerdate --format %(refname)%00%(objectname)%00%(*objectname) [3ms]
2026-04-20 17:26:31.555 [info] > git status -z -uall [56ms]
2026-04-20 17:26:36.838 [info] > git config --get commit.template [9ms]
2026-04-20 17:26:36.840 [info] > git for-each-ref --format=%(refname)%00%(upstream:short)%00%(objectname)%00%(upstream:track)%00%(upstream:remotename)%00%(upstream:remoteref) refs/heads/main refs/remotes/main [3ms]
2026-04-20 17:26:36.870 [info] > git for-each-ref --sort -committerdate --format %(refname)%00%(objectname)%00%(*objectname) [12ms]
2026-04-20 17:26:36.891 [info] > git check-ignore -v -z --stdin [2ms]
2026-04-20 17:26:36.907 [info] > git status -z -uall [58ms]
2026-04-20 17:26:40.568 [info] > git check-ignore -v -z --stdin [2ms]
2026-04-20 17:26:41.981 [info] > git config --get commit.template [10ms]
2026-04-20 17:26:41.983 [info] > git for-each-ref --format=%(refname)%00%(upstream:short)%00%(objectname)%00%(upstream:track)%00%(upstream:remotename)%00%(upstream:remoteref) refs/heads/main refs/remotes/main [3ms]
2026-04-20 17:26:42.003 [info] > git for-each-ref --sort -committerdate --format %(refname)%00%(objectname)%00%(*objectname) [3ms]
2026-04-20 17:26:42.045 [info] > git status -z -uall [53ms]
2026-04-20 17:26:47.124 [info] > git config --get commit.template [11ms]
2026-04-20 17:26:47.126 [info] > git for-each-ref --format=%(refname)%00%(upstream:short)%00%(objectname)%00%(upstream:track)%00%(upstream:remotename)%00%(upstream:remoteref) refs/heads/main refs/remotes/main [3ms]
2026-04-20 17:26:47.148 [info] > git for-each-ref --sort -committerdate --format %(refname)%00%(objectname)%00%(*objectname) [3ms]
2026-04-20 17:26:47.192 [info] > git status -z -uall [56ms]
2026-04-20 17:26:50.440 [info] > git check-ignore -v -z --stdin [4ms]
2026-04-20 17:26:50.769 [info] > git check-ignore -v -z --stdin [3ms]
2026-04-20 17:26:52.285 [info] > git config --get commit.template [13ms]
2026-04-20 17:26:52.286 [info] > git for-each-ref --format=%(refname)%00%(upstream:short)%00%(objectname)%00%(upstream:track)%00%(upstream:remotename)%00%(upstream:remoteref) refs/heads/main refs/remotes/main [3ms]
2026-04-20 17:26:52.312 [info] > git for-each-ref --sort -committerdate --format %(refname)%00%(objectname)%00%(*objectname) [3ms]
2026-04-20 17:26:52.373 [info] > git status -z -uall [74ms]
2026-04-20 17:26:56.606 [info] > git check-ignore -v -z --stdin [3ms]
2026-04-20 17:26:57.474 [info] > git config --get commit.template [13ms]
2026-04-20 17:26:57.476 [info] > git for-each-ref --format=%(refname)%00%(upstream:short)%00%(objectname)%00%(upstream:track)%00%(upstream:remotename)%00%(upstream:remoteref) refs/heads/main refs/remotes/main [3ms]
2026-04-20 17:26:57.504 [info] > git for-each-ref --sort -committerdate --format %(refname)%00%(objectname)%00%(*objectname) [5ms]
2026-04-20 17:26:57.584 [info] > git status -z -uall [96ms]
2026-04-20 17:27:03.493 [info] > git check-ignore -v -z --stdin [11ms]
2026-04-20 17:27:04.395 [info] > git config --get commit.template [12ms]
2026-04-20 17:27:04.397 [info] > git for-each-ref --format=%(refname)%00%(upstream:short)%00%(objectname)%00%(upstream:track)%00%(upstream:remotename)%00%(upstream:remoteref) refs/heads/main refs/remotes/main [3ms]
2026-04-20 17:27:04.427 [info] > git for-each-ref --sort -committerdate --format %(refname)%00%(objectname)%00%(*objectname) [7ms]
2026-04-20 17:27:04.493 [info] > git status -z -uall [86ms]
2026-04-20 17:27:09.620 [info] > git config --get commit.template [11ms]
2026-04-20 17:27:09.622 [info] > git for-each-ref --format=%(refname)%00%(upstream:short)%00%(objectname)%00%(upstream:track)%00%(upstream:remotename)%00%(upstream:remoteref) refs/heads/main refs/remotes/main [3ms]
2026-04-20 17:27:09.647 [info] > git for-each-ref --sort -committerdate --format %(refname)%00%(objectname)%00%(*objectname) [3ms]
2026-04-20 17:27:09.695 [info] > git status -z -uall [62ms]
2026-04-20 17:27:13.601 [info] > git check-ignore -v -z --stdin [3ms]
2026-04-20 17:27:13.926 [info] > git check-ignore -v -z --stdin [3ms]
2026-04-20 17:27:14.788 [info] > git config --get commit.template [15ms]
2026-04-20 17:27:14.792 [info] > git for-each-ref --format=%(refname)%00%(upstream:short)%00%(objectname)%00%(upstream:track)%00%(upstream:remotename)%00%(upstream:remoteref) refs/heads/main refs/remotes/main [6ms]
2026-04-20 17:27:14.824 [info] > git for-each-ref --sort -committerdate --format %(refname)%00%(objectname)%00%(*objectname) [3ms]
2026-04-20 17:27:14.877 [info] > git status -z -uall [74ms]
2026-04-20 17:27:19.982 [info] > git config --get commit.template [11ms]
2026-04-20 17:27:19.984 [info] > git for-each-ref --format=%(refname)%00%(upstream:short)%00%(objectname)%00%(upstream:track)%00%(upstream:remotename)%00%(upstream:remoteref) refs/heads/main refs/remotes/main [3ms]
2026-04-20 17:27:20.006 [info] > git for-each-ref --sort -committerdate --format %(refname)%00%(objectname)%00%(*objectname) [2ms]
2026-04-20 17:27:20.056 [info] > git status -z -uall [61ms]
2026-04-20 17:27:25.150 [info] > git config --get commit.template [14ms]
2026-04-20 17:27:25.151 [info] > git for-each-ref --format=%(refname)%00%(upstream:short)%00%(objectname)%00%(upstream:track)%00%(upstream:remotename)%00%(upstream:remoteref) refs/heads/main refs/remotes/main [3ms]
2026-04-20 17:27:25.185 [info] > git for-each-ref --sort -committerdate --format %(refname)%00%(objectname)%00%(*objectname) [3ms]
2026-04-20 17:27:25.251 [info] > git status -z -uall [84ms]
2026-04-20 17:27:27.762 [info] > git check-ignore -v -z --stdin [2ms]
2026-04-20 17:27:30.025 [info] > git check-ignore -v -z --stdin [5ms]
2026-04-20 17:27:30.368 [info] > git check-ignore -v -z --stdin [12ms]
2026-04-20 17:27:30.369 [info] > git config --get commit.template [32ms]
2026-04-20 17:27:30.372 [info] > git for-each-ref --format=%(refname)%00%(upstream:short)%00%(objectname)%00%(upstream:track)%00%(upstream:remotename)%00%(upstream:remoteref) refs/heads/main refs/remotes/main [5ms]
2026-04-20 17:27:30.399 [info] > git for-each-ref --sort -committerdate --format %(refname)%00%(objectname)%00%(*objectname) [3ms]
2026-04-20 17:27:30.445 [info] > git status -z -uall [62ms]
2026-04-20 17:27:34.273 [info] > git check-ignore -v -z --stdin [3ms]
2026-04-20 17:27:35.531 [info] > git config --get commit.template [14ms]
2026-04-20 17:27:35.532 [info] > git for-each-ref --format=%(refname)%00%(upstream:short)%00%(objectname)%00%(upstream:track)%00%(upstream:remotename)%00%(upstream:remoteref) refs/heads/main refs/remotes/main [3ms]
2026-04-20 17:27:35.560 [info] > git for-each-ref --sort -committerdate --format %(refname)%00%(objectname)%00%(*objectname) [3ms]
2026-04-20 17:27:35.616 [info] > git status -z -uall [71ms]
2026-04-20 17:27:40.717 [info] > git config --get commit.template [4ms]
2026-04-20 17:27:40.737 [info] > git for-each-ref --format=%(refname)%00%(upstream:short)%00%(objectname)%00%(upstream:track)%00%(upstream:remotename)%00%(upstream:remoteref) refs/heads/main refs/remotes/main [2ms]
2026-04-20 17:27:40.768 [info] > git for-each-ref --sort -committerdate --format %(refname)%00%(objectname)%00%(*objectname) [4ms]
2026-04-20 17:27:40.813 [info] > git status -z -uall [60ms]
2026-04-20 17:27:44.716 [info] > git check-ignore -v -z --stdin [3ms]
2026-04-20 17:27:45.058 [info] > git check-ignore -v -z --stdin [3ms]
2026-04-20 17:27:45.921 [info] > git config --get commit.template [15ms]
2026-04-20 17:27:45.922 [info] > git for-each-ref --format=%(refname)%00%(upstream:short)%00%(objectname)%00%(upstream:track)%00%(upstream:remotename)%00%(upstream:remoteref) refs/heads/main refs/remotes/main [4ms]
2026-04-20 17:27:45.959 [info] > git for-each-ref --sort -committerdate --format %(refname)%00%(objectname)%00%(*objectname) [4ms]
2026-04-20 17:27:46.004 [info] > git status -z -uall [66ms]
2026-04-20 17:27:50.895 [info] > git check-ignore -v -z --stdin [2ms]
2026-04-20 17:27:51.092 [info] > git config --get commit.template [13ms]
2026-04-20 17:27:51.094 [info] > git for-each-ref --format=%(refname)%00%(upstream:short)%00%(objectname)%00%(upstream:track)%00%(upstream:remotename)%00%(upstream:remoteref) refs/heads/main refs/remotes/main [3ms]
2026-04-20 17:27:51.124 [info] > git for-each-ref --sort -committerdate --format %(refname)%00%(objectname)%00%(*objectname) [3ms]
2026-04-20 17:27:51.167 [info] > git status -z -uall [58ms]
2026-04-20 17:27:56.259 [info] > git config --get commit.template [13ms]
2026-04-20 17:27:56.260 [info] > git for-each-ref --format=%(refname)%00%(upstream:short)%00%(objectname)%00%(upstream:track)%00%(upstream:remotename)%00%(upstream:remoteref) refs/heads/main refs/remotes/main [3ms]
2026-04-20 17:27:56.285 [info] > git for-each-ref --sort -committerdate --format %(refname)%00%(objectname)%00%(*objectname) [3ms]
2026-04-20 17:27:56.331 [info] > git status -z -uall [59ms]
2026-04-20 17:28:01.412 [info] > git config --get commit.template [7ms]
2026-04-20 17:28:01.425 [info] > git for-each-ref --format=%(refname)%00%(upstream:short)%00%(objectname)%00%(upstream:track)%00%(upstream:remotename)%00%(upstream:remoteref) refs/heads/main refs/remotes/main [3ms]
2026-04-20 17:28:01.453 [info] > git for-each-ref --sort -committerdate --format %(refname)%00%(objectname)%00%(*objectname) [2ms]
2026-04-20 17:28:01.494 [info] > git status -z -uall [56ms]
2026-04-20 17:28:03.463 [info] > git check-ignore -v -z --stdin [6ms]
2026-04-20 17:28:06.877 [info] > git check-ignore -v -z --stdin [2ms]
2026-04-20 17:28:07.201 [info] > git check-ignore -v -z --stdin [4ms]
2026-04-20 17:28:07.882 [info] > git config --get commit.template [13ms]
2026-04-20 17:28:07.883 [info] > git for-each-ref --format=%(refname)%00%(upstream:short)%00%(objectname)%00%(upstream:track)%00%(upstream:remotename)%00%(upstream:remoteref) refs/heads/main refs/remotes/main [2ms]
2026-04-20 17:28:07.910 [info] > git for-each-ref --sort -committerdate --format %(refname)%00%(objectname)%00%(*objectname) [4ms]
2026-04-20 17:28:07.951 [info] > git status -z -uall [56ms]
2026-04-20 17:28:13.034 [info] > git config --get commit.template [12ms]
2026-04-20 17:28:13.036 [info] > git for-each-ref --format=%(refname)%00%(upstream:short)%00%(objectname)%00%(upstream:track)%00%(upstream:remotename)%00%(upstream:remoteref) refs/heads/main refs/remotes/main [3ms]
2026-04-20 17:28:13.062 [info] > git for-each-ref --sort -committerdate --format %(refname)%00%(objectname)%00%(*objectname) [2ms]
2026-04-20 17:28:13.105 [info] > git status -z -uall [57ms]
2026-04-20 17:28:18.190 [info] > git config --get commit.template [12ms]
2026-04-20 17:28:18.191 [info] > git for-each-ref --format=%(refname)%00%(upstream:short)%00%(objectname)%00%(upstream:track)%00%(upstream:remotename)%00%(upstream:remoteref) refs/heads/main refs/remotes/main [2ms]
2026-04-20 17:28:18.217 [info] > git for-each-ref --sort -committerdate --format %(refname)%00%(objectname)%00%(*objectname) [3ms]
2026-04-20 17:28:18.256 [info] > git status -z -uall [53ms]
2026-04-20 17:28:19.439 [info] > git check-ignore -v -z --stdin [2ms]
2026-04-20 17:28:23.345 [info] > git config --get commit.template [15ms]
2026-04-20 17:28:23.347 [info] > git for-each-ref --format=%(refname)%00%(upstream:short)%00%(objectname)%00%(upstream:track)%00%(upstream:remotename)%00%(upstream:remoteref) refs/heads/main refs/remotes/main [3ms]
2026-04-20 17:28:23.381 [info] > git for-each-ref --sort -committerdate --format %(refname)%00%(objectname)%00%(*objectname) [4ms]
2026-04-20 17:28:23.433 [info] > git status -z -uall [69ms]
2026-04-20 17:28:28.524 [info] > git config --get commit.template [13ms]
2026-04-20 17:28:28.525 [info] > git for-each-ref --format=%(refname)%00%(upstream:short)%00%(objectname)%00%(upstream:track)%00%(upstream:remotename)%00%(upstream:remoteref) refs/heads/main refs/remotes/main [3ms]
2026-04-20 17:28:28.558 [info] > git for-each-ref --sort -committerdate --format %(refname)%00%(objectname)%00%(*objectname) [9ms]
2026-04-20 17:28:28.599 [info] > git status -z -uall [61ms]
2026-04-20 17:28:33.692 [info] > git config --get commit.template [14ms]
2026-04-20 17:28:33.693 [info] > git for-each-ref --format=%(refname)%00%(upstream:short)%00%(objectname)%00%(upstream:track)%00%(upstream:remotename)%00%(upstream:remoteref) refs/heads/main refs/remotes/main [2ms]
2026-04-20 17:28:33.723 [info] > git for-each-ref --sort -committerdate --format %(refname)%00%(objectname)%00%(*objectname) [3ms]
2026-04-20 17:28:33.764 [info] > git status -z -uall [56ms]
2026-04-20 17:28:35.182 [info] > git check-ignore -v -z --stdin [2ms]
2026-04-20 17:28:38.859 [info] > git config --get commit.template [13ms]
2026-04-20 17:28:38.861 [info] > git for-each-ref --format=%(refname)%00%(upstream:short)%00%(objectname)%00%(upstream:track)%00%(upstream:remotename)%00%(upstream:remoteref) refs/heads/main refs/remotes/main [3ms]
2026-04-20 17:28:38.892 [info] > git for-each-ref --sort -committerdate --format %(refname)%00%(objectname)%00%(*objectname) [3ms]
2026-04-20 17:28:38.933 [info] > git status -z -uall [58ms]
2026-04-20 17:28:44.034 [info] > git config --get commit.template [13ms]
2026-04-20 17:28:44.035 [info] > git for-each-ref --format=%(refname)%00%(upstream:short)%00%(objectname)%00%(upstream:track)%00%(upstream:remotename)%00%(upstream:remoteref) refs/heads/main refs/remotes/main [2ms]
2026-04-20 17:28:44.064 [info] > git for-each-ref --sort -committerdate --format %(refname)%00%(objectname)%00%(*objectname) [3ms]
2026-04-20 17:28:44.112 [info] > git status -z -uall [63ms]
2026-04-20 17:28:46.261 [info] > git check-ignore -v -z --stdin [7ms]
2026-04-20 17:28:49.216 [info] > git config --get commit.template [13ms]
2026-04-20 17:28:49.218 [info] > git for-each-ref --format=%(refname)%00%(upstream:short)%00%(objectname)%00%(upstream:track)%00%(upstream:remotename)%00%(upstream:remoteref) refs/heads/main refs/remotes/main [3ms]
2026-04-20 17:28:49.247 [info] > git for-each-ref --sort -committerdate --format %(refname)%00%(objectname)%00%(*objectname) [3ms]
2026-04-20 17:28:49.289 [info] > git status -z -uall [58ms]
2026-04-20 17:28:54.381 [info] > git config --get commit.template [13ms]
2026-04-20 17:28:54.385 [info] > git for-each-ref --format=%(refname)%00%(upstream:short)%00%(objectname)%00%(upstream:track)%00%(upstream:remotename)%00%(upstream:remoteref) refs/heads/main refs/remotes/main [5ms]
2026-04-20 17:28:54.413 [info] > git for-each-ref --sort -committerdate --format %(refname)%00%(objectname)%00%(*objectname) [4ms]
2026-04-20 17:28:54.457 [info] > git status -z -uall [60ms]
2026-04-20 17:28:59.552 [info] > git config --get commit.template [13ms]
2026-04-20 17:28:59.553 [info] > git for-each-ref --format=%(refname)%00%(upstream:short)%00%(objectname)%00%(upstream:track)%00%(upstream:remotename)%00%(upstream:remoteref) refs/heads/main refs/remotes/main [2ms]
2026-04-20 17:28:59.584 [info] > git for-each-ref --sort -committerdate --format %(refname)%00%(objectname)%00%(*objectname) [4ms]
2026-04-20 17:28:59.622 [info] > git status -z -uall [55ms]
2026-04-20 17:29:04.714 [info] > git config --get commit.template [13ms]
2026-04-20 17:29:04.715 [info] > git for-each-ref --format=%(refname)%00%(upstream:short)%00%(objectname)%00%(upstream:track)%00%(upstream:remotename)%00%(upstream:remoteref) refs/heads/main refs/remotes/main [2ms]
2026-04-20 17:29:04.746 [info] > git for-each-ref --sort -committerdate --format %(refname)%00%(objectname)%00%(*objectname) [3ms]
2026-04-20 17:29:04.796 [info] > git status -z -uall [67ms]
2026-04-20 17:29:09.118 [info] > git check-ignore -v -z --stdin [7ms]
2026-04-20 17:29:09.887 [info] > git config --get commit.template [13ms]
2026-04-20 17:29:09.889 [info] > git for-each-ref --format=%(refname)%00%(upstream:short)%00%(objectname)%00%(upstream:track)%00%(upstream:remotename)%00%(upstream:remoteref) refs/heads/main refs/remotes/main [3ms]
2026-04-20 17:29:09.930 [info] > git for-each-ref --sort -committerdate --format %(refname)%00%(objectname)%00%(*objectname) [4ms]
2026-04-20 17:29:09.986 [info] > git status -z -uall [80ms]
2026-04-20 17:29:15.086 [info] > git config --get commit.template [14ms]
2026-04-20 17:29:15.087 [info] > git for-each-ref --format=%(refname)%00%(upstream:short)%00%(objectname)%00%(upstream:track)%00%(upstream:remotename)%00%(upstream:remoteref) refs/heads/main refs/remotes/main [2ms]
2026-04-20 17:29:15.121 [info] > git for-each-ref --sort -committerdate --format %(refname)%00%(objectname)%00%(*objectname) [3ms]
2026-04-20 17:29:15.187 [info] > git status -z -uall [84ms]
2026-04-20 17:29:16.722 [info] > git check-ignore -v -z --stdin [2ms]
2026-04-20 17:29:19.408 [info] > git check-ignore -v -z --stdin [2ms]
2026-04-20 17:29:19.754 [info] > git check-ignore -v -z --stdin [2ms]
2026-04-20 17:29:20.289 [info] > git config --get commit.template [14ms]
2026-04-20 17:29:20.290 [info] > git for-each-ref --format=%(refname)%00%(upstream:short)%00%(objectname)%00%(upstream:track)%00%(upstream:remotename)%00%(upstream:remoteref) refs/heads/main refs/remotes/main [2ms]
2026-04-20 17:29:20.321 [info] > git for-each-ref --sort -committerdate --format %(refname)%00%(objectname)%00%(*objectname) [4ms]
2026-04-20 17:29:20.363 [info] > git status -z -uall [60ms]
2026-04-20 17:29:24.958 [info] > git check-ignore -v -z --stdin [2ms]
2026-04-20 17:29:25.867 [info] > git config --get commit.template [2ms]
2026-04-20 17:29:25.881 [info] > git for-each-ref --format=%(refname)%00%(upstream:short)%00%(objectname)%00%(upstream:track)%00%(upstream:remotename)%00%(upstream:remoteref) refs/heads/main refs/remotes/main [2ms]
2026-04-20 17:29:25.910 [info] > git for-each-ref --sort -committerdate --format %(refname)%00%(objectname)%00%(*objectname) [4ms]
2026-04-20 17:29:25.954 [info] > git status -z -uall [60ms]
2026-04-20 17:29:31.047 [info] > git config --get commit.template [13ms]
2026-04-20 17:29:31.068 [info] > git for-each-ref --format=%(refname)%00%(upstream:short)%00%(objectname)%00%(upstream:track)%00%(upstream:remotename)%00%(upstream:remoteref) refs/heads/main refs/remotes/main [23ms]
2026-04-20 17:29:31.069 [info] > git check-ignore -v -z --stdin [2ms]
2026-04-20 17:29:31.098 [info] > git for-each-ref --sort -committerdate --format %(refname)%00%(objectname)%00%(*objectname) [3ms]
2026-04-20 17:29:31.147 [info] > git status -z -uall [64ms]
2026-04-20 17:29:34.788 [info] > git check-ignore -v -z --stdin [2ms]
2026-04-20 17:29:36.242 [info] > git config --get commit.template [13ms]
2026-04-20 17:29:36.244 [info] > git for-each-ref --format=%(refname)%00%(upstream:short)%00%(objectname)%00%(upstream:track)%00%(upstream:remotename)%00%(upstream:remoteref) refs/heads/main refs/remotes/main [3ms]
2026-04-20 17:29:36.277 [info] > git for-each-ref --sort -committerdate --format %(refname)%00%(objectname)%00%(*objectname) [3ms]
2026-04-20 17:29:36.322 [info] > git status -z -uall [64ms]
2026-04-20 17:29:40.206 [info] > git check-ignore -v -z --stdin [3ms]
2026-04-20 17:29:41.413 [info] > git config --get commit.template [14ms]
2026-04-20 17:29:41.414 [info] > git for-each-ref --format=%(refname)%00%(upstream:short)%00%(objectname)%00%(upstream:track)%00%(upstream:remotename)%00%(upstream:remoteref) refs/heads/main refs/remotes/main [2ms]
2026-04-20 17:29:41.443 [info] > git for-each-ref --sort -committerdate --format %(refname)%00%(objectname)%00%(*objectname) [3ms]
2026-04-20 17:29:41.490 [info] > git status -z -uall [62ms]
2026-04-20 17:29:45.484 [info] > git check-ignore -v -z --stdin [2ms]
2026-04-20 17:29:46.594 [info] > git config --get commit.template [13ms]
2026-04-20 17:29:46.595 [info] > git for-each-ref --format=%(refname)%00%(upstream:short)%00%(objectname)%00%(upstream:track)%00%(upstream:remotename)%00%(upstream:remoteref) refs/heads/main refs/remotes/main [2ms]
2026-04-20 17:29:46.628 [info] > git for-each-ref --sort -committerdate --format %(refname)%00%(objectname)%00%(*objectname) [3ms]
2026-04-20 17:29:46.687 [info] > git status -z -uall [76ms]
2026-04-20 17:29:50.817 [info] > git check-ignore -v -z --stdin [2ms]
2026-04-20 17:29:51.785 [info] > git config --get commit.template [13ms]
2026-04-20 17:29:51.787 [info] > git for-each-ref --format=%(refname)%00%(upstream:short)%00%(objectname)%00%(upstream:track)%00%(upstream:remotename)%00%(upstream:remoteref) refs/heads/main refs/remotes/main [3ms]
2026-04-20 17:29:51.815 [info] > git for-each-ref --sort -committerdate --format %(refname)%00%(objectname)%00%(*objectname) [3ms]
2026-04-20 17:29:51.860 [info] > git status -z -uall [60ms]
2026-04-20 17:29:55.677 [info] > git check-ignore -v -z --stdin [2ms]
2026-04-20 17:29:56.952 [info] > git config --get commit.template [14ms]
2026-04-20 17:29:56.954 [info] > git for-each-ref --format=%(refname)%00%(upstream:short)%00%(objectname)%00%(upstream:track)%00%(upstream:remotename)%00%(upstream:remoteref) refs/heads/main refs/remotes/main [3ms]
2026-04-20 17:29:56.983 [info] > git for-each-ref --sort -committerdate --format %(refname)%00%(objectname)%00%(*objectname) [3ms]
2026-04-20 17:29:57.024 [info] > git status -z -uall [57ms]
2026-04-20 17:30:00.952 [info] > git check-ignore -v -z --stdin [2ms]
2026-04-20 17:30:02.118 [info] > git config --get commit.template [13ms]
2026-04-20 17:30:02.119 [info] > git for-each-ref --format=%(refname)%00%(upstream:short)%00%(objectname)%00%(upstream:track)%00%(upstream:remotename)%00%(upstream:remoteref) refs/heads/main refs/remotes/main [2ms]
2026-04-20 17:30:02.153 [info] > git for-each-ref --sort -committerdate --format %(refname)%00%(objectname)%00%(*objectname) [6ms]
2026-04-20 17:30:02.195 [info] > git status -z -uall [61ms]
2026-04-20 17:30:07.287 [info] > git config --get commit.template [13ms]
2026-04-20 17:30:07.288 [info] > git for-each-ref --format=%(refname)%00%(upstream:short)%00%(objectname)%00%(upstream:track)%00%(upstream:remotename)%00%(upstream:remoteref) refs/heads/main refs/remotes/main [3ms]
2026-04-20 17:30:07.315 [info] > git for-each-ref --sort -committerdate --format %(refname)%00%(objectname)%00%(*objectname) [3ms]
2026-04-20 17:30:07.355 [info] > git status -z -uall [54ms]
2026-04-20 17:30:11.587 [info] > git check-ignore -v -z --stdin [3ms]
2026-04-20 17:30:11.915 [info] > git check-ignore -v -z --stdin [1ms]
2026-04-20 17:30:12.717 [info] > git config --get commit.template [15ms]
2026-04-20 17:30:12.718 [info] > git for-each-ref --format=%(refname)%00%(upstream:short)%00%(objectname)%00%(upstream:track)%00%(upstream:remotename)%00%(upstream:remoteref) refs/heads/main refs/remotes/main [3ms]
2026-04-20 17:30:12.748 [info] > git for-each-ref --sort -committerdate --format %(refname)%00%(objectname)%00%(*objectname) [3ms]
2026-04-20 17:30:12.792 [info] > git status -z -uall [60ms]
2026-04-20 17:30:17.233 [info] > git check-ignore -v -z --stdin [2ms]
2026-04-20 17:30:17.881 [info] > git config --get commit.template [13ms]
2026-04-20 17:30:17.882 [info] > git for-each-ref --format=%(refname)%00%(upstream:short)%00%(objectname)%00%(upstream:track)%00%(upstream:remotename)%00%(upstream:remoteref) refs/heads/main refs/remotes/main [2ms]
2026-04-20 17:30:17.912 [info] > git for-each-ref --sort -committerdate --format %(refname)%00%(objectname)%00%(*objectname) [3ms]
2026-04-20 17:30:17.954 [info] > git status -z -uall [57ms]
2026-04-20 17:30:21.767 [info] > git check-ignore -v -z --stdin [2ms]
2026-04-20 17:30:23.040 [info] > git config --get commit.template [13ms]
2026-04-20 17:30:23.041 [info] > git for-each-ref --format=%(refname)%00%(upstream:short)%00%(objectname)%00%(upstream:track)%00%(upstream:remotename)%00%(upstream:remoteref) refs/heads/main refs/remotes/main [3ms]
2026-04-20 17:30:23.070 [info] > git for-each-ref --sort -committerdate --format %(refname)%00%(objectname)%00%(*objectname) [3ms]
2026-04-20 17:30:23.115 [info] > git status -z -uall [60ms]
2026-04-20 17:30:26.907 [info] > git check-ignore -v -z --stdin [1ms]
2026-04-20 17:30:28.213 [info] > git config --get commit.template [13ms]
2026-04-20 17:30:28.215 [info] > git for-each-ref --format=%(refname)%00%(upstream:short)%00%(objectname)%00%(upstream:track)%00%(upstream:remotename)%00%(upstream:remoteref) refs/heads/main refs/remotes/main [3ms]
2026-04-20 17:30:28.244 [info] > git for-each-ref --sort -committerdate --format %(refname)%00%(objectname)%00%(*objectname) [3ms]
2026-04-20 17:30:28.283 [info] > git status -z -uall [54ms]
2026-04-20 17:30:32.258 [info] > git check-ignore -v -z --stdin [2ms]
2026-04-20 17:30:33.375 [info] > git config --get commit.template [14ms]
2026-04-20 17:30:33.376 [info] > git for-each-ref --format=%(refname)%00%(upstream:short)%00%(objectname)%00%(upstream:track)%00%(upstream:remotename)%00%(upstream:remoteref) refs/heads/main refs/remotes/main [2ms]
2026-04-20 17:30:33.407 [info] > git for-each-ref --sort -committerdate --format %(refname)%00%(objectname)%00%(*objectname) [3ms]
2026-04-20 17:30:33.453 [info] > git status -z -uall [63ms]
2026-04-20 17:30:37.208 [info] > git check-ignore -v -z --stdin [6ms]
2026-04-20 17:30:38.548 [info] > git config --get commit.template [14ms]
2026-04-20 17:30:38.550 [info] > git for-each-ref --format=%(refname)%00%(upstream:short)%00%(objectname)%00%(upstream:track)%00%(upstream:remotename)%00%(upstream:remoteref) refs/heads/main refs/remotes/main [3ms]
2026-04-20 17:30:38.580 [info] > git for-each-ref --sort -committerdate --format %(refname)%00%(objectname)%00%(*objectname) [3ms]
2026-04-20 17:30:38.626 [info] > git status -z -uall [61ms]
2026-04-20 17:30:42.371 [info] > git check-ignore -v -z --stdin [7ms]
2026-04-20 17:30:43.724 [info] > git config --get commit.template [15ms]
2026-04-20 17:30:43.725 [info] > git for-each-ref --format=%(refname)%00%(upstream:short)%00%(objectname)%00%(upstream:track)%00%(upstream:remotename)%00%(upstream:remoteref) refs/heads/main refs/remotes/main [2ms]
2026-04-20 17:30:43.753 [info] > git for-each-ref --sort -committerdate --format %(refname)%00%(objectname)%00%(*objectname) [2ms]
2026-04-20 17:30:43.793 [info] > git status -z -uall [53ms]
2026-04-20 17:30:47.441 [info] > git check-ignore -v -z --stdin [6ms]
2026-04-20 17:30:48.886 [info] > git config --get commit.template [13ms]
2026-04-20 17:30:48.888 [info] > git for-each-ref --format=%(refname)%00%(upstream:short)%00%(objectname)%00%(upstream:track)%00%(upstream:remotename)%00%(upstream:remoteref) refs/heads/main refs/remotes/main [3ms]
2026-04-20 17:30:48.916 [info] > git for-each-ref --sort -committerdate --format %(refname)%00%(objectname)%00%(*objectname) [2ms]
2026-04-20 17:30:48.954 [info] > git status -z -uall [53ms]
2026-04-20 17:30:53.067 [info] > git check-ignore -v -z --stdin [7ms]
2026-04-20 17:30:54.043 [info] > git config --get commit.template [13ms]
2026-04-20 17:30:54.044 [info] > git for-each-ref --format=%(refname)%00%(upstream:short)%00%(objectname)%00%(upstream:track)%00%(upstream:remotename)%00%(upstream:remoteref) refs/heads/main refs/remotes/main [2ms]
2026-04-20 17:30:54.072 [info] > git for-each-ref --sort -committerdate --format %(refname)%00%(objectname)%00%(*objectname) [2ms]
2026-04-20 17:30:54.117 [info] > git status -z -uall [60ms]
2026-04-20 17:30:58.064 [info] > git check-ignore -v -z --stdin [7ms]
2026-04-20 17:30:59.208 [info] > git config --get commit.template [13ms]
2026-04-20 17:30:59.210 [info] > git for-each-ref --format=%(refname)%00%(upstream:short)%00%(objectname)%00%(upstream:track)%00%(upstream:remotename)%00%(upstream:remoteref) refs/heads/main refs/remotes/main [2ms]
2026-04-20 17:30:59.237 [info] > git for-each-ref --sort -committerdate --format %(refname)%00%(objectname)%00%(*objectname) [3ms]
2026-04-20 17:30:59.278 [info] > git status -z -uall [55ms]
2026-04-20 17:31:02.953 [info] > git check-ignore -v -z --stdin [7ms]
2026-04-20 17:31:04.370 [info] > git config --get commit.template [15ms]
2026-04-20 17:31:04.372 [info] > git for-each-ref --format=%(refname)%00%(upstream:short)%00%(objectname)%00%(upstream:track)%00%(upstream:remotename)%00%(upstream:remoteref) refs/heads/main refs/remotes/main [3ms]
2026-04-20 17:31:04.403 [info] > git for-each-ref --sort -committerdate --format %(refname)%00%(objectname)%00%(*objectname) [4ms]
2026-04-20 17:31:04.450 [info] > git status -z -uall [63ms]
2026-04-20 17:31:08.156 [info] > git check-ignore -v -z --stdin [2ms]
2026-04-20 17:31:09.547 [info] > git config --get commit.template [13ms]
2026-04-20 17:31:09.548 [info] > git for-each-ref --format=%(refname)%00%(upstream:short)%00%(objectname)%00%(upstream:track)%00%(upstream:remotename)%00%(upstream:remoteref) refs/heads/main refs/remotes/main [2ms]
2026-04-20 17:31:09.576 [info] > git for-each-ref --sort -committerdate --format %(refname)%00%(objectname)%00%(*objectname) [3ms]
2026-04-20 17:31:09.617 [info] > git status -z -uall [55ms]
2026-04-20 17:31:13.396 [info] > git check-ignore -v -z --stdin [2ms]
2026-04-20 17:31:14.712 [info] > git config --get commit.template [13ms]
2026-04-20 17:31:14.714 [info] > git for-each-ref --format=%(refname)%00%(upstream:short)%00%(objectname)%00%(upstream:track)%00%(upstream:remotename)%00%(upstream:remoteref) refs/heads/main refs/remotes/main [3ms]
2026-04-20 17:31:14.749 [info] > git for-each-ref --sort -committerdate --format %(refname)%00%(objectname)%00%(*objectname) [2ms]
2026-04-20 17:31:14.789 [info] > git status -z -uall [60ms]
2026-04-20 17:31:19.338 [info] > git check-ignore -v -z --stdin [2ms]
2026-04-20 17:31:19.879 [info] > git config --get commit.template [13ms]
2026-04-20 17:31:19.880 [info] > git for-each-ref --format=%(refname)%00%(upstream:short)%00%(objectname)%00%(upstream:track)%00%(upstream:remotename)%00%(upstream:remoteref) refs/heads/main refs/remotes/main [2ms]
2026-04-20 17:31:19.910 [info] > git for-each-ref --sort -committerdate --format %(refname)%00%(objectname)%00%(*objectname) [3ms]
2026-04-20 17:31:19.951 [info] > git status -z -uall [56ms]
2026-04-20 17:31:23.910 [info] > git check-ignore -v -z --stdin [2ms]
2026-04-20 17:31:26.246 [info] > git config --get commit.template [12ms]
2026-04-20 17:31:26.248 [info] > git for-each-ref --format=%(refname)%00%(upstream:short)%00%(objectname)%00%(upstream:track)%00%(upstream:remotename)%00%(upstream:remoteref) refs/heads/main refs/remotes/main [3ms]
2026-04-20 17:31:26.275 [info] > git for-each-ref --sort -committerdate --format %(refname)%00%(objectname)%00%(*objectname) [2ms]
2026-04-20 17:31:26.322 [info] > git status -z -uall [62ms]
2026-04-20 17:31:32.374 [info] > git check-ignore -v -z --stdin [7ms]
2026-04-20 17:31:46.765 [info] > git config --get commit.template [15ms]
2026-04-20 17:31:46.768 [info] > git for-each-ref --format=%(refname)%00%(upstream:short)%00%(objectname)%00%(upstream:track)%00%(upstream:remotename)%00%(upstream:remoteref) refs/heads/main refs/remotes/main [3ms]
2026-04-20 17:31:46.798 [info] > git for-each-ref --sort -committerdate --format %(refname)%00%(objectname)%00%(*objectname) [2ms]
2026-04-20 17:31:46.844 [info] > git status -z -uall [62ms]
2026-04-20 17:31:51.958 [info] > git config --get commit.template [15ms]
2026-04-20 17:31:51.959 [info] > git for-each-ref --format=%(refname)%00%(upstream:short)%00%(objectname)%00%(upstream:track)%00%(upstream:remotename)%00%(upstream:remoteref) refs/heads/main refs/remotes/main [3ms]
2026-04-20 17:31:51.986 [info] > git for-each-ref --sort -committerdate --format %(refname)%00%(objectname)%00%(*objectname) [3ms]
2026-04-20 17:31:52.037 [info] > git status -z -uall [65ms]
2026-04-20 17:31:53.307 [info] > git check-ignore -v -z --stdin [18ms]
2026-04-20 17:31:55.918 [info] > git check-ignore -v -z --stdin [2ms]
2026-04-20 17:31:59.335 [info] > git check-ignore -v -z --stdin [3ms]
2026-04-20 17:32:03.827 [info] > git check-ignore -v -z --stdin [2ms]
2026-04-20 17:32:08.583 [info] > git config --get commit.template [12ms]
2026-04-20 17:32:08.584 [info] > git for-each-ref --format=%(refname)%00%(upstream:short)%00%(objectname)%00%(upstream:track)%00%(upstream:remotename)%00%(upstream:remoteref) refs/heads/main refs/remotes/main [2ms]
2026-04-20 17:32:08.607 [info] > git for-each-ref --sort -committerdate --format %(refname)%00%(objectname)%00%(*objectname) [2ms]
2026-04-20 17:32:08.650 [info] > git status -z -uall [55ms]
2026-04-20 17:32:12.652 [info] > git check-ignore -v -z --stdin [8ms]
2026-04-20 17:32:15.347 [info] > git check-ignore -v -z --stdin [6ms]
2026-04-20 17:32:15.948 [info] > git check-ignore -v -z --stdin [2ms]
2026-04-20 17:32:23.845 [info] > git config --get commit.template [11ms]
2026-04-20 17:32:23.846 [info] > git for-each-ref --format=%(refname)%00%(upstream:short)%00%(objectname)%00%(upstream:track)%00%(upstream:remotename)%00%(upstream:remoteref) refs/heads/main refs/remotes/main [2ms]
2026-04-20 17:32:23.869 [info] > git for-each-ref --sort -committerdate --format %(refname)%00%(objectname)%00%(*objectname) [3ms]
2026-04-20 17:32:23.914 [info] > git status -z -uall [58ms]
2026-04-20 17:32:28.353 [info] > git check-ignore -v -z --stdin [2ms]
2026-04-20 17:32:51.293 [info] > git config --get commit.template [13ms]
2026-04-20 17:32:51.295 [info] > git for-each-ref --format=%(refname)%00%(upstream:short)%00%(objectname)%00%(upstream:track)%00%(upstream:remotename)%00%(upstream:remoteref) refs/heads/main refs/remotes/main [3ms]
2026-04-20 17:32:51.320 [info] > git for-each-ref --sort -committerdate --format %(refname)%00%(objectname)%00%(*objectname) [4ms]
2026-04-20 17:32:51.364 [info] > git status -z -uall [58ms]
2026-04-20 17:32:58.310 [info] > git check-ignore -v -z --stdin [2ms]
2026-04-20 17:41:20.476 [info] > git config --get commit.template [3ms]
2026-04-20 17:41:20.489 [info] > git for-each-ref --format=%(refname)%00%(upstream:short)%00%(objectname)%00%(upstream:track)%00%(upstream:remotename)%00%(upstream:remoteref) refs/heads/main refs/remotes/main [2ms]
2026-04-20 17:41:20.511 [info] > git for-each-ref --sort -committerdate --format %(refname)%00%(objectname)%00%(*objectname) [2ms]
2026-04-20 17:41:20.564 [info] > git status -z -uall [64ms]
2026-04-20 17:41:25.422 [info] > git check-ignore -v -z --stdin [3ms]
2026-04-20 17:42:52.347 [info] > git config --get commit.template [2ms]
2026-04-20 17:42:52.359 [info] > git for-each-ref --format=%(refname)%00%(upstream:short)%00%(objectname)%00%(upstream:track)%00%(upstream:remotename)%00%(upstream:remoteref) refs/heads/main refs/remotes/main [2ms]
2026-04-20 17:42:52.383 [info] > git for-each-ref --sort -committerdate --format %(refname)%00%(objectname)%00%(*objectname) [3ms]
2026-04-20 17:42:52.430 [info] > git status -z -uall [59ms]
2026-04-20 17:43:07.593 [info] > git check-ignore -v -z --stdin [8ms]
2026-04-20 18:08:22.101 [info] > git config --get commit.template [4ms]
2026-04-20 18:08:22.118 [info] > git for-each-ref --format=%(refname)%00%(upstream:short)%00%(objectname)%00%(upstream:track)%00%(upstream:remotename)%00%(upstream:remoteref) refs/heads/main refs/remotes/main [3ms]
2026-04-20 18:08:22.152 [info] > git for-each-ref --sort -committerdate --format %(refname)%00%(objectname)%00%(*objectname) [3ms]
2026-04-20 18:08:22.200 [info] > git status -z -uall [66ms]
2026-04-20 18:08:25.961 [info] > git check-ignore -v -z --stdin [3ms]
2026-04-20 18:08:27.324 [info] > git config --get commit.template [14ms]
2026-04-20 18:08:27.325 [info] > git for-each-ref --format=%(refname)%00%(upstream:short)%00%(objectname)%00%(upstream:track)%00%(upstream:remotename)%00%(upstream:remoteref) refs/heads/main refs/remotes/main [3ms]
2026-04-20 18:08:27.356 [info] > git for-each-ref --sort -committerdate --format %(refname)%00%(objectname)%00%(*objectname) [3ms]
2026-04-20 18:08:27.400 [info] > git status -z -uall [61ms]
2026-04-20 18:08:31.190 [info] > git check-ignore -v -z --stdin [3ms]
2026-04-20 18:08:46.448 [info] > git config --get commit.template [11ms]
2026-04-20 18:08:46.450 [info] > git for-each-ref --format=%(refname)%00%(upstream:short)%00%(objectname)%00%(upstream:track)%00%(upstream:remotename)%00%(upstream:remoteref) refs/heads/main refs/remotes/main [2ms]
2026-04-20 18:08:46.471 [info] > git for-each-ref --sort -committerdate --format %(refname)%00%(objectname)%00%(*objectname) [3ms]
2026-04-20 18:08:46.514 [info] > git status -z -uall [54ms]
2026-04-20 18:08:50.228 [info] > git check-ignore -v -z --stdin [2ms]
2026-04-20 18:08:51.605 [info] > git config --get commit.template [11ms]
2026-04-20 18:08:51.607 [info] > git for-each-ref --format=%(refname)%00%(upstream:short)%00%(objectname)%00%(upstream:track)%00%(upstream:remotename)%00%(upstream:remoteref) refs/heads/main refs/remotes/main [3ms]
2026-04-20 18:08:51.627 [info] > git for-each-ref --sort -committerdate --format %(refname)%00%(objectname)%00%(*objectname) [3ms]
2026-04-20 18:08:51.669 [info] > git status -z -uall [53ms]
2026-04-20 18:08:55.348 [info] > git check-ignore -v -z --stdin [2ms]
2026-04-20 18:09:00.356 [info] > git config --get commit.template [2ms]
2026-04-20 18:09:00.369 [info] > git for-each-ref --format=%(refname)%00%(upstream:short)%00%(objectname)%00%(upstream:track)%00%(upstream:remotename)%00%(upstream:remoteref) refs/heads/main refs/remotes/main [3ms]
2026-04-20 18:09:00.390 [info] > git for-each-ref --sort -committerdate --format %(refname)%00%(objectname)%00%(*objectname) [4ms]
2026-04-20 18:09:00.441 [info] > git status -z -uall [63ms]
2026-04-20 18:09:04.354 [info] > git check-ignore -v -z --stdin [8ms]
2026-04-20 18:09:51.497 [info] > git config --get commit.template [10ms]
2026-04-20 18:09:51.498 [info] > git for-each-ref --format=%(refname)%00%(upstream:short)%00%(objectname)%00%(upstream:track)%00%(upstream:remotename)%00%(upstream:remoteref) refs/heads/main refs/remotes/main [2ms]
2026-04-20 18:09:51.520 [info] > git for-each-ref --sort -committerdate --format %(refname)%00%(objectname)%00%(*objectname) [3ms]
2026-04-20 18:09:51.562 [info] > git status -z -uall [54ms]
2026-04-20 18:09:55.434 [info] > git check-ignore -v -z --stdin [3ms]
2026-04-20 18:09:56.653 [info] > git config --get commit.template [4ms]
2026-04-20 18:09:56.666 [info] > git for-each-ref --format=%(refname)%00%(upstream:short)%00%(objectname)%00%(upstream:track)%00%(upstream:remotename)%00%(upstream:remoteref) refs/heads/main refs/remotes/main [2ms]
2026-04-20 18:09:56.694 [info] > git for-each-ref --sort -committerdate --format %(refname)%00%(objectname)%00%(*objectname) [3ms]
2026-04-20 18:09:56.736 [info] > git status -z -uall [58ms]
2026-04-20 18:10:00.381 [info] > git check-ignore -v -z --stdin [5ms]
2026-04-20 18:10:07.565 [info] > git config --get commit.template [11ms]
2026-04-20 18:10:07.566 [info] > git for-each-ref --format=%(refname)%00%(upstream:short)%00%(objectname)%00%(upstream:track)%00%(upstream:remotename)%00%(upstream:remoteref) refs/heads/main refs/remotes/main [2ms]
2026-04-20 18:10:07.590 [info] > git for-each-ref --sort -committerdate --format %(refname)%00%(objectname)%00%(*objectname) [3ms]
2026-04-20 18:10:07.637 [info] > git status -z -uall [61ms]
2026-04-20 18:10:12.362 [info] > git check-ignore -v -z --stdin [2ms]
2026-04-20 18:13:11.702 [info] > git config --get commit.template [3ms]
2026-04-20 18:13:11.714 [info] > git for-each-ref --format=%(refname)%00%(upstream:short)%00%(objectname)%00%(upstream:track)%00%(upstream:remotename)%00%(upstream:remoteref) refs/heads/main refs/remotes/main [2ms]
2026-04-20 18:13:11.737 [info] > git for-each-ref --sort -committerdate --format %(refname)%00%(objectname)%00%(*objectname) [3ms]
2026-04-20 18:13:11.783 [info] > git status -z -uall [59ms]
2026-04-20 18:13:15.467 [info] > git check-ignore -v -z --stdin [4ms]
2026-04-20 18:13:16.887 [info] > git config --get commit.template [11ms]
2026-04-20 18:13:16.888 [info] > git for-each-ref --format=%(refname)%00%(upstream:short)%00%(objectname)%00%(upstream:track)%00%(upstream:remotename)%00%(upstream:remoteref) refs/heads/main refs/remotes/main [2ms]
2026-04-20 18:13:16.911 [info] > git for-each-ref --sort -committerdate --format %(refname)%00%(objectname)%00%(*objectname) [3ms]
2026-04-20 18:13:16.956 [info] > git status -z -uall [57ms]
2026-04-20 18:13:20.688 [info] > git check-ignore -v -z --stdin [2ms]
2026-04-20 18:13:22.047 [info] > git config --get commit.template [10ms]
2026-04-20 18:13:22.047 [info] > git for-each-ref --format=%(refname)%00%(upstream:short)%00%(objectname)%00%(upstream:track)%00%(upstream:remotename)%00%(upstream:remoteref) refs/heads/main refs/remotes/main [2ms]
2026-04-20 18:13:22.070 [info] > git for-each-ref --sort -committerdate --format %(refname)%00%(objectname)%00%(*objectname) [2ms]
2026-04-20 18:13:22.111 [info] > git status -z -uall [53ms]
2026-04-20 18:13:25.520 [info] > git check-ignore -v -z --stdin [2ms]
2026-04-20 18:13:27.194 [info] > git config --get commit.template [12ms]
2026-04-20 18:13:27.196 [info] > git for-each-ref --format=%(refname)%00%(upstream:short)%00%(objectname)%00%(upstream:track)%00%(upstream:remotename)%00%(upstream:remoteref) refs/heads/main refs/remotes/main [3ms]
2026-04-20 18:13:27.219 [info] > git for-each-ref --sort -committerdate --format %(refname)%00%(objectname)%00%(*objectname) [3ms]
2026-04-20 18:13:27.260 [info] > git status -z -uall [53ms]
2026-04-20 18:13:30.810 [info] > git check-ignore -v -z --stdin [2ms]
2026-04-20 18:13:32.341 [info] > git config --get commit.template [11ms]
2026-04-20 18:13:32.342 [info] > git for-each-ref --format=%(refname)%00%(upstream:short)%00%(objectname)%00%(upstream:track)%00%(upstream:remotename)%00%(upstream:remoteref) refs/heads/main refs/remotes/main [2ms]
2026-04-20 18:13:32.365 [info] > git for-each-ref --sort -committerdate --format %(refname)%00%(objectname)%00%(*objectname) [3ms]
2026-04-20 18:13:32.415 [info] > git status -z -uall [62ms]
2026-04-20 18:13:35.987 [info] > git check-ignore -v -z --stdin [6ms]
2026-04-20 18:13:37.498 [info] > git config --get commit.template [11ms]
2026-04-20 18:13:37.500 [info] > git for-each-ref --format=%(refname)%00%(upstream:short)%00%(objectname)%00%(upstream:track)%00%(upstream:remotename)%00%(upstream:remoteref) refs/heads/main refs/remotes/main [3ms]
2026-04-20 18:13:37.522 [info] > git for-each-ref --sort -committerdate --format %(refname)%00%(objectname)%00%(*objectname) [2ms]
2026-04-20 18:13:37.563 [info] > git status -z -uall [53ms]
2026-04-20 18:13:41.152 [info] > git check-ignore -v -z --stdin [2ms]
2026-04-20 18:13:42.647 [info] > git config --get commit.template [11ms]
2026-04-20 18:13:42.649 [info] > git for-each-ref --format=%(refname)%00%(upstream:short)%00%(objectname)%00%(upstream:track)%00%(upstream:remotename)%00%(upstream:remoteref) refs/heads/main refs/remotes/main [3ms]
2026-04-20 18:13:42.671 [info] > git for-each-ref --sort -committerdate --format %(refname)%00%(objectname)%00%(*objectname) [2ms]
2026-04-20 18:13:42.717 [info] > git status -z -uall [57ms]
2026-04-20 18:13:46.266 [info] > git check-ignore -v -z --stdin [2ms]
2026-04-20 18:13:47.800 [info] > git config --get commit.template [9ms]
2026-04-20 18:13:47.802 [info] > git for-each-ref --format=%(refname)%00%(upstream:short)%00%(objectname)%00%(upstream:track)%00%(upstream:remotename)%00%(upstream:remoteref) refs/heads/main refs/remotes/main [3ms]
2026-04-20 18:13:47.824 [info] > git for-each-ref --sort -committerdate --format %(refname)%00%(objectname)%00%(*objectname) [2ms]
2026-04-20 18:13:47.868 [info] > git status -z -uall [55ms]
2026-04-20 18:13:51.463 [info] > git check-ignore -v -z --stdin [2ms]
2026-04-20 18:13:52.958 [info] > git config --get commit.template [12ms]
2026-04-20 18:13:52.960 [info] > git for-each-ref --format=%(refname)%00%(upstream:short)%00%(objectname)%00%(upstream:track)%00%(upstream:remotename)%00%(upstream:remoteref) refs/heads/main refs/remotes/main [3ms]
2026-04-20 18:13:52.986 [info] > git for-each-ref --sort -committerdate --format %(refname)%00%(objectname)%00%(*objectname) [3ms]
2026-04-20 18:13:53.029 [info] > git status -z -uall [56ms]
2026-04-20 18:13:56.686 [info] > git check-ignore -v -z --stdin [2ms]
2026-04-20 18:13:58.117 [info] > git config --get commit.template [11ms]
2026-04-20 18:13:58.119 [info] > git for-each-ref --format=%(refname)%00%(upstream:short)%00%(objectname)%00%(upstream:track)%00%(upstream:remotename)%00%(upstream:remoteref) refs/heads/main refs/remotes/main [3ms]
2026-04-20 18:13:58.142 [info] > git for-each-ref --sort -committerdate --format %(refname)%00%(objectname)%00%(*objectname) [3ms]
2026-04-20 18:13:58.182 [info] > git status -z -uall [52ms]
2026-04-20 18:14:01.864 [info] > git check-ignore -v -z --stdin [2ms]
2026-04-20 18:14:03.266 [info] > git config --get commit.template [12ms]
2026-04-20 18:14:03.267 [info] > git for-each-ref --format=%(refname)%00%(upstream:short)%00%(objectname)%00%(upstream:track)%00%(upstream:remotename)%00%(upstream:remoteref) refs/heads/main refs/remotes/main [2ms]
2026-04-20 18:14:03.291 [info] > git for-each-ref --sort -committerdate --format %(refname)%00%(objectname)%00%(*objectname) [2ms]
2026-04-20 18:14:03.332 [info] > git status -z -uall [53ms]
2026-04-20 18:14:06.956 [info] > git check-ignore -v -z --stdin [2ms]
2026-04-20 18:14:08.415 [info] > git config --get commit.template [12ms]
2026-04-20 18:14:08.416 [info] > git for-each-ref --format=%(refname)%00%(upstream:short)%00%(objectname)%00%(upstream:track)%00%(upstream:remotename)%00%(upstream:remoteref) refs/heads/main refs/remotes/main [2ms]
2026-04-20 18:14:08.442 [info] > git for-each-ref --sort -committerdate --format %(refname)%00%(objectname)%00%(*objectname) [2ms]
2026-04-20 18:14:08.484 [info] > git status -z -uall [54ms]
2026-04-20 18:14:12.046 [info] > git check-ignore -v -z --stdin [2ms]
2026-04-20 18:14:13.573 [info] > git config --get commit.template [13ms]
2026-04-20 18:14:13.574 [info] > git for-each-ref --format=%(refname)%00%(upstream:short)%00%(objectname)%00%(upstream:track)%00%(upstream:remotename)%00%(upstream:remoteref) refs/heads/main refs/remotes/main [2ms]
2026-04-20 18:14:13.599 [info] > git for-each-ref --sort -committerdate --format %(refname)%00%(objectname)%00%(*objectname) [3ms]
2026-04-20 18:14:13.641 [info] > git status -z -uall [55ms]
2026-04-20 18:14:17.442 [info] > git check-ignore -v -z --stdin [2ms]
2026-04-20 18:14:18.728 [info] > git config --get commit.template [12ms]
2026-04-20 18:14:18.729 [info] > git for-each-ref --format=%(refname)%00%(upstream:short)%00%(objectname)%00%(upstream:track)%00%(upstream:remotename)%00%(upstream:remoteref) refs/heads/main refs/remotes/main [2ms]
2026-04-20 18:14:18.754 [info] > git for-each-ref --sort -committerdate --format %(refname)%00%(objectname)%00%(*objectname) [3ms]
2026-04-20 18:14:18.801 [info] > git status -z -uall [60ms]
2026-04-20 18:14:22.354 [info] > git check-ignore -v -z --stdin [7ms]
2026-04-20 18:14:23.886 [info] > git config --get commit.template [12ms]
2026-04-20 18:14:23.887 [info] > git for-each-ref --format=%(refname)%00%(upstream:short)%00%(objectname)%00%(upstream:track)%00%(upstream:remotename)%00%(upstream:remoteref) refs/heads/main refs/remotes/main [2ms]
2026-04-20 18:14:23.913 [info] > git for-each-ref --sort -committerdate --format %(refname)%00%(objectname)%00%(*objectname) [3ms]
2026-04-20 18:14:23.953 [info] > git status -z -uall [53ms]
2026-04-20 18:14:27.527 [info] > git check-ignore -v -z --stdin [2ms]
2026-04-20 18:14:29.037 [info] > git config --get commit.template [12ms]
2026-04-20 18:14:29.039 [info] > git for-each-ref --format=%(refname)%00%(upstream:short)%00%(objectname)%00%(upstream:track)%00%(upstream:remotename)%00%(upstream:remoteref) refs/heads/main refs/remotes/main [3ms]
2026-04-20 18:14:29.063 [info] > git for-each-ref --sort -committerdate --format %(refname)%00%(objectname)%00%(*objectname) [3ms]
2026-04-20 18:14:29.103 [info] > git status -z -uall [53ms]
2026-04-20 18:14:32.634 [info] > git check-ignore -v -z --stdin [2ms]
2026-04-20 18:14:34.193 [info] > git config --get commit.template [14ms]
2026-04-20 18:14:34.194 [info] > git for-each-ref --format=%(refname)%00%(upstream:short)%00%(objectname)%00%(upstream:track)%00%(upstream:remotename)%00%(upstream:remoteref) refs/heads/main refs/remotes/main [3ms]
2026-04-20 18:14:34.223 [info] > git for-each-ref --sort -committerdate --format %(refname)%00%(objectname)%00%(*objectname) [3ms]
2026-04-20 18:14:34.267 [info] > git status -z -uall [60ms]
2026-04-20 18:14:37.970 [info] > git check-ignore -v -z --stdin [2ms]
2026-04-20 18:19:47.157 [info] > git config --get commit.template [11ms]
2026-04-20 18:19:47.159 [info] > git for-each-ref --format=%(refname)%00%(upstream:short)%00%(objectname)%00%(upstream:track)%00%(upstream:remotename)%00%(upstream:remoteref) refs/heads/main refs/remotes/main [3ms]
2026-04-20 18:19:47.184 [info] > git for-each-ref --sort -committerdate --format %(refname)%00%(objectname)%00%(*objectname) [3ms]
2026-04-20 18:19:47.232 [info] > git status -z -uall [62ms]
2026-04-20 18:19:50.566 [info] > git check-ignore -v -z --stdin [1ms]
2026-04-20 18:19:50.695 [info] > git show --textconv :main.py [18ms]
2026-04-20 18:19:50.696 [info] > git ls-files --stage -- main.py [4ms]
2026-04-20 18:19:50.718 [info] > git cat-file -s 6947bd61620856a32d493f597e57b1737df0b740 [2ms]
2026-04-20 18:19:51.051 [info] > git check-ignore -v -z --stdin [2ms]
2026-04-20 18:19:52.336 [info] > git config --get commit.template [13ms]
2026-04-20 18:19:52.337 [info] > git for-each-ref --format=%(refname)%00%(upstream:short)%00%(objectname)%00%(upstream:track)%00%(upstream:remotename)%00%(upstream:remoteref) refs/heads/main refs/remotes/main [3ms]
2026-04-20 18:19:52.362 [info] > git for-each-ref --sort -committerdate --format %(refname)%00%(objectname)%00%(*objectname) [4ms]
2026-04-20 18:19:52.407 [info] > git status -z -uall [59ms]
2026-04-20 18:19:56.001 [info] > git check-ignore -v -z --stdin [7ms]
2026-04-20 18:19:57.498 [info] > git config --get commit.template [12ms]
2026-04-20 18:19:57.499 [info] > git for-each-ref --format=%(refname)%00%(upstream:short)%00%(objectname)%00%(upstream:track)%00%(upstream:remotename)%00%(upstream:remoteref) refs/heads/main refs/remotes/main [2ms]
2026-04-20 18:19:57.525 [info] > git for-each-ref --sort -committerdate --format %(refname)%00%(objectname)%00%(*objectname) [2ms]
2026-04-20 18:19:57.567 [info] > git status -z -uall [54ms]
2026-04-20 18:20:01.067 [info] > git check-ignore -v -z --stdin [2ms]
2026-04-20 18:20:02.189 [info] > git check-ignore -v -z --stdin [5ms]
2026-04-20 18:20:02.305 [info] > git ls-files --stage -- requirements.txt [2ms]
2026-04-20 18:20:02.325 [info] > git show --textconv :requirements.txt [33ms]
2026-04-20 18:20:02.325 [info] > git cat-file -s 7ba0048063703a7b8934171cd4971c4d83b01aa4 [7ms]
2026-04-20 18:20:06.638 [info] > git config --get commit.template [12ms]
2026-04-20 18:20:06.639 [info] > git for-each-ref --format=%(refname)%00%(upstream:short)%00%(objectname)%00%(upstream:track)%00%(upstream:remotename)%00%(upstream:remoteref) refs/heads/main refs/remotes/main [2ms]
2026-04-20 18:20:06.664 [info] > git for-each-ref --sort -committerdate --format %(refname)%00%(objectname)%00%(*objectname) [3ms]
2026-04-20 18:20:06.708 [info] > git status -z -uall [58ms]
2026-04-20 18:20:07.868 [info] > git blame --root --incremental 2ae9d5204c3facc8c3eacc01bb797b5c74de224c -- requirements.txt [17ms]
2026-04-20 18:20:09.993 [info] > git check-ignore -v -z --stdin [2ms]
2026-04-20 18:20:10.318 [info] > git check-ignore -v -z --stdin [18ms]
2026-04-20 18:20:11.807 [info] > git config --get commit.template [16ms]
2026-04-20 18:20:11.808 [info] > git for-each-ref --format=%(refname)%00%(upstream:short)%00%(objectname)%00%(upstream:track)%00%(upstream:remotename)%00%(upstream:remoteref) refs/heads/main refs/remotes/main [3ms]
2026-04-20 18:20:11.838 [info] > git for-each-ref --sort -committerdate --format %(refname)%00%(objectname)%00%(*objectname) [3ms]
2026-04-20 18:20:11.882 [info] > git status -z -uall [61ms]
2026-04-20 18:20:16.351 [info] > git check-ignore -v -z --stdin [2ms]
2026-04-20 18:20:20.303 [info] > git config --get commit.template [14ms]
2026-04-20 18:20:20.304 [info] > git for-each-ref --format=%(refname)%00%(upstream:short)%00%(objectname)%00%(upstream:track)%00%(upstream:remotename)%00%(upstream:remoteref) refs/heads/main refs/remotes/main [2ms]
2026-04-20 18:20:20.328 [info] > git for-each-ref --sort -committerdate --format %(refname)%00%(objectname)%00%(*objectname) [2ms]
2026-04-20 18:20:20.370 [info] > git status -z -uall [54ms]
2026-04-20 18:20:24.363 [info] > git check-ignore -v -z --stdin [3ms]
2026-04-20 18:20:26.458 [info] > git config --get commit.template [11ms]
2026-04-20 18:20:26.460 [info] > git for-each-ref --format=%(refname)%00%(upstream:short)%00%(objectname)%00%(upstream:track)%00%(upstream:remotename)%00%(upstream:remoteref) refs/heads/main refs/remotes/main [3ms]
2026-04-20 18:20:26.485 [info] > git for-each-ref --sort -committerdate --format %(refname)%00%(objectname)%00%(*objectname) [2ms]
2026-04-20 18:20:26.534 [info] > git status -z -uall [63ms]
2026-04-20 18:20:30.209 [info] > git check-ignore -v -z --stdin [6ms]
2026-04-20 18:20:37.897 [info] > git config --get commit.template [11ms]
2026-04-20 18:20:37.899 [info] > git for-each-ref --format=%(refname)%00%(upstream:short)%00%(objectname)%00%(upstream:track)%00%(upstream:remotename)%00%(upstream:remoteref) refs/heads/main refs/remotes/main [3ms]
2026-04-20 18:20:37.923 [info] > git for-each-ref --sort -committerdate --format %(refname)%00%(objectname)%00%(*objectname) [3ms]
2026-04-20 18:20:37.966 [info] > git status -z -uall [56ms]
2026-04-20 18:20:42.348 [info] > git check-ignore -v -z --stdin [2ms]
2026-04-20 18:20:44.613 [info] > git config --get commit.template [13ms]
2026-04-20 18:20:44.615 [info] > git for-each-ref --format=%(refname)%00%(upstream:short)%00%(objectname)%00%(upstream:track)%00%(upstream:remotename)%00%(upstream:remoteref) refs/heads/main refs/remotes/main [3ms]
2026-04-20 18:20:44.643 [info] > git for-each-ref --sort -committerdate --format %(refname)%00%(objectname)%00%(*objectname) [3ms]
2026-04-20 18:20:44.681 [info] > git status -z -uall [55ms]
2026-04-20 18:20:47.941 [info] > git check-ignore -v -z --stdin [2ms]
2026-04-20 18:20:48.075 [info] > git show --textconv :main.py [24ms]
2026-04-20 18:20:48.081 [info] > git ls-files --stage -- main.py [11ms]
2026-04-20 18:20:48.103 [info] > git cat-file -s 6947bd61620856a32d493f597e57b1737df0b740 [9ms]
2026-04-20 18:20:48.418 [info] > git check-ignore -v -z --stdin [3ms]
2026-04-20 18:20:53.373 [info] > git config --get commit.template [2ms]
2026-04-20 18:20:53.384 [info] > git for-each-ref --format=%(refname)%00%(upstream:short)%00%(objectname)%00%(upstream:track)%00%(upstream:remotename)%00%(upstream:remoteref) refs/heads/main refs/remotes/main [3ms]
2026-04-20 18:20:53.405 [info] > git for-each-ref --sort -committerdate --format %(refname)%00%(objectname)%00%(*objectname) [3ms]
2026-04-20 18:20:53.456 [info] > git status -z -uall [62ms]
2026-04-20 18:20:58.184 [info] > git check-ignore -v -z --stdin [8ms]
2026-04-20 18:20:58.481 [info] > git check-ignore -v -z --stdin [2ms]
2026-04-20 18:20:58.540 [info] > git config --get commit.template [10ms]
2026-04-20 18:20:58.541 [info] > git for-each-ref --format=%(refname)%00%(upstream:short)%00%(objectname)%00%(upstream:track)%00%(upstream:remotename)%00%(upstream:remoteref) refs/heads/main refs/remotes/main [2ms]
2026-04-20 18:20:58.563 [info] > git for-each-ref --sort -committerdate --format %(refname)%00%(objectname)%00%(*objectname) [3ms]
2026-04-20 18:20:58.619 [info] > git status -z -uall [66ms]
2026-04-20 18:21:02.355 [info] > git check-ignore -v -z --stdin [2ms]
2026-04-20 18:21:52.079 [info] > git config --get commit.template [3ms]
2026-04-20 18:21:52.092 [info] > git for-each-ref --format=%(refname)%00%(upstream:short)%00%(objectname)%00%(upstream:track)%00%(upstream:remotename)%00%(upstream:remoteref) refs/heads/main refs/remotes/main [4ms]
2026-04-20 18:21:52.121 [info] > git for-each-ref --sort -committerdate --format %(refname)%00%(objectname)%00%(*objectname) [5ms]
2026-04-20 18:21:52.172 [info] > git status -z -uall [68ms]
2026-04-20 18:21:57.353 [info] > git check-ignore -v -z --stdin [3ms]
2026-04-20 18:22:10.017 [info] > git config --get commit.template [11ms]
2026-04-20 18:22:10.018 [info] > git for-each-ref --format=%(refname)%00%(upstream:short)%00%(objectname)%00%(upstream:track)%00%(upstream:remotename)%00%(upstream:remoteref) refs/heads/main refs/remotes/main [2ms]
2026-04-20 18:22:10.040 [info] > git for-each-ref --sort -committerdate --format %(refname)%00%(objectname)%00%(*objectname) [3ms]
2026-04-20 18:22:10.086 [info] > git status -z -uall [58ms]
2026-04-20 18:22:14.360 [info] > git check-ignore -v -z --stdin [2ms]
2026-04-20 18:23:07.404 [info] > git config --get commit.template [12ms]
2026-04-20 18:23:07.405 [info] > git for-each-ref --format=%(refname)%00%(upstream:short)%00%(objectname)%00%(upstream:track)%00%(upstream:remotename)%00%(upstream:remoteref) refs/heads/main refs/remotes/main [2ms]
2026-04-20 18:23:07.426 [info] > git for-each-ref --sort -committerdate --format %(refname)%00%(objectname)%00%(*objectname) [3ms]
2026-04-20 18:23:07.481 [info] > git status -z -uall [66ms]
2026-04-20 18:23:11.109 [info] > git check-ignore -v -z --stdin [3ms]
2026-04-20 18:23:12.592 [info] > git config --get commit.template [12ms]
2026-04-20 18:23:12.594 [info] > git for-each-ref --format=%(refname)%00%(upstream:short)%00%(objectname)%00%(upstream:track)%00%(upstream:remotename)%00%(upstream:remoteref) refs/heads/main refs/remotes/main [2ms]
2026-04-20 18:23:12.616 [info] > git for-each-ref --sort -committerdate --format %(refname)%00%(objectname)%00%(*objectname) [3ms]
2026-04-20 18:23:12.659 [info] > git status -z -uall [55ms]
2026-04-20 18:23:15.864 [info] > git check-ignore -v -z --stdin [12ms]
2026-04-20 18:23:16.167 [info] > git check-ignore -v -z --stdin [4ms]
2026-04-20 18:23:16.471 [info] > git check-ignore -v -z --stdin [4ms]
2026-04-20 18:23:17.220 [info] > git check-ignore -v -z --stdin [3ms]
2026-04-20 18:23:24.019 [info] > git config --get commit.template [11ms]
2026-04-20 18:23:24.021 [info] > git for-each-ref --format=%(refname)%00%(upstream:short)%00%(objectname)%00%(upstream:track)%00%(upstream:remotename)%00%(upstream:remoteref) refs/heads/main refs/remotes/main [3ms]
2026-04-20 18:23:24.044 [info] > git for-each-ref --sort -committerdate --format %(refname)%00%(objectname)%00%(*objectname) [2ms]
2026-04-20 18:23:24.088 [info] > git status -z -uall [57ms]
2026-04-20 18:23:27.473 [info] > git check-ignore -v -z --stdin [2ms]
2026-04-20 18:23:27.784 [info] > git check-ignore -v -z --stdin [4ms]
2026-04-20 18:23:33.657 [info] > git check-ignore -v -z --stdin [4ms]
2026-04-20 18:23:34.437 [info] > git check-ignore -v -z --stdin [3ms]
2026-04-20 18:23:34.887 [info] > git check-ignore -v -z --stdin [2ms]
2026-04-20 18:23:38.546 [info] > git config --get commit.template [11ms]
2026-04-20 18:23:38.548 [info] > git for-each-ref --format=%(refname)%00%(upstream:short)%00%(objectname)%00%(upstream:track)%00%(upstream:remotename)%00%(upstream:remoteref) refs/heads/main refs/remotes/main [3ms]
2026-04-20 18:23:38.570 [info] > git for-each-ref --sort -committerdate --format %(refname)%00%(objectname)%00%(*objectname) [3ms]
2026-04-20 18:23:38.613 [info] > git status -z -uall [55ms]
2026-04-20 18:23:42.252 [info] > git check-ignore -v -z --stdin [2ms]
2026-04-20 18:23:43.704 [info] > git for-each-ref --format=%(refname)%00%(upstream:short)%00%(objectname)%00%(upstream:track)%00%(upstream:remotename)%00%(upstream:remoteref) refs/heads/main refs/remotes/main [3ms]
2026-04-20 18:23:43.705 [info] > git config --get commit.template [15ms]
2026-04-20 18:23:43.728 [info] > git for-each-ref --sort -committerdate --format %(refname)%00%(objectname)%00%(*objectname) [3ms]
2026-04-20 18:23:43.782 [info] > git status -z -uall [67ms]
2026-04-20 18:23:47.361 [info] > git check-ignore -v -z --stdin [8ms]
2026-04-20 18:24:11.536 [info] > git config --get commit.template [11ms]
2026-04-20 18:24:11.538 [info] > git for-each-ref --format=%(refname)%00%(upstream:short)%00%(objectname)%00%(upstream:track)%00%(upstream:remotename)%00%(upstream:remoteref) refs/heads/main refs/remotes/main [3ms]
2026-04-20 18:24:11.561 [info] > git for-each-ref --sort -committerdate --format %(refname)%00%(objectname)%00%(*objectname) [3ms]
2026-04-20 18:24:11.605 [info] > git status -z -uall [57ms]
2026-04-20 18:24:15.319 [info] > git check-ignore -v -z --stdin [2ms]
2026-04-20 18:24:16.706 [info] > git config --get commit.template [14ms]
2026-04-20 18:24:16.708 [info] > git for-each-ref --format=%(refname)%00%(upstream:short)%00%(objectname)%00%(upstream:track)%00%(upstream:remotename)%00%(upstream:remoteref) refs/heads/main refs/remotes/main [3ms]
2026-04-20 18:24:16.731 [info] > git for-each-ref --sort -committerdate --format %(refname)%00%(objectname)%00%(*objectname) [3ms]
2026-04-20 18:24:16.777 [info] > git status -z -uall [59ms]
2026-04-20 18:24:20.430 [info] > git check-ignore -v -z --stdin [2ms]
2026-04-20 18:24:30.399 [info] > git config --get commit.template [10ms]
2026-04-20 18:24:30.400 [info] > git for-each-ref --format=%(refname)%00%(upstream:short)%00%(objectname)%00%(upstream:track)%00%(upstream:remotename)%00%(upstream:remoteref) refs/heads/main refs/remotes/main [3ms]
2026-04-20 18:24:30.421 [info] > git for-each-ref --sort -committerdate --format %(refname)%00%(objectname)%00%(*objectname) [3ms]
2026-04-20 18:24:30.464 [info] > git status -z -uall [55ms]
2026-04-20 18:24:34.355 [info] > git check-ignore -v -z --stdin [2ms]
2026-04-20 18:24:55.348 [info] > git config --get commit.template [2ms]
2026-04-20 18:24:55.360 [info] > git for-each-ref --format=%(refname)%00%(upstream:short)%00%(objectname)%00%(upstream:track)%00%(upstream:remotename)%00%(upstream:remoteref) refs/heads/main refs/remotes/main [3ms]
2026-04-20 18:24:55.388 [info] > git for-each-ref --sort -committerdate --format %(refname)%00%(objectname)%00%(*objectname) [3ms]
2026-04-20 18:24:55.442 [info] > git status -z -uall [70ms]
2026-04-20 18:24:59.372 [info] > git check-ignore -v -z --stdin [9ms]
2026-04-20 18:25:31.149 [info] > git config --get commit.template [13ms]
2026-04-20 18:25:31.150 [info] > git for-each-ref --format=%(refname)%00%(upstream:short)%00%(objectname)%00%(upstream:track)%00%(upstream:remotename)%00%(upstream:remoteref) refs/heads/main refs/remotes/main [2ms]
2026-04-20 18:25:31.175 [info] > git for-each-ref --sort -committerdate --format %(refname)%00%(objectname)%00%(*objectname) [4ms]
2026-04-20 18:25:31.218 [info] > git status -z -uall [56ms]
2026-04-20 18:25:35.143 [info] > git check-ignore -v -z --stdin [2ms]
2026-04-20 18:25:36.320 [info] > git config --get commit.template [11ms]
2026-04-20 18:25:36.321 [info] > git for-each-ref --format=%(refname)%00%(upstream:short)%00%(objectname)%00%(upstream:track)%00%(upstream:remotename)%00%(upstream:remoteref) refs/heads/main refs/remotes/main [3ms]
2026-04-20 18:25:36.346 [info] > git for-each-ref --sort -committerdate --format %(refname)%00%(objectname)%00%(*objectname) [2ms]
2026-04-20 18:25:36.397 [info] > git status -z -uall [65ms]
2026-04-20 18:25:40.125 [info] > git check-ignore -v -z --stdin [2ms]
2026-04-20 18:25:40.912 [info] > git check-ignore -v -z --stdin [56ms]
2026-04-20 18:25:40.916 [info] > git check-ignore -v -z --stdin [11ms]
2026-04-20 18:25:41.046 [info] > git show --textconv :unbiased-ai-frontend/src/components/ShapWaterfall.jsx [16ms]
2026-04-20 18:25:41.059 [info] > git ls-files --stage -- unbiased-ai-frontend/src/components/ShapWaterfall.jsx [16ms]
2026-04-20 18:25:41.076 [info] > git hash-object -t tree /dev/null [20ms]
2026-04-20 18:25:41.077 [warning] [GitFileSystemProvider][readFile] File not found - git:/home/nekofell908/unbiased-ai-frontend/src/components/ShapWaterfall.jsx.git?%7B%22path%22%3A%22%2Fhome%2Fnekofell908%2Funbiased-ai-frontend%2Fsrc%2Fcomponents%2FShapWaterfall.jsx%22%2C%22ref%22%3A%22%22%7D
2026-04-20 18:25:41.101 [info] > git hash-object -t tree /dev/null [27ms]
2026-04-20 18:25:41.101 [warning] [GitFileSystemProvider][stat] File not found - git:/home/nekofell908/unbiased-ai-frontend/src/components/ShapWaterfall.jsx.git?%7B%22path%22%3A%22%2Fhome%2Fnekofell908%2Funbiased-ai-frontend%2Fsrc%2Fcomponents%2FShapWaterfall.jsx%22%2C%22ref%22%3A%22%22%7D
2026-04-20 18:25:41.494 [info] > git config --get commit.template [16ms]
2026-04-20 18:25:41.496 [info] > git for-each-ref --format=%(refname)%00%(upstream:short)%00%(objectname)%00%(upstream:track)%00%(upstream:remotename)%00%(upstream:remoteref) refs/heads/main refs/remotes/main [3ms]
2026-04-20 18:25:41.540 [info] > git for-each-ref --sort -committerdate --format %(refname)%00%(objectname)%00%(*objectname) [3ms]
2026-04-20 18:25:41.603 [info] > git status -z -uall [91ms]
2026-04-20 18:26:10.160 [info] > git config --get commit.template [13ms]
2026-04-20 18:26:10.163 [info] > git for-each-ref --format=%(refname)%00%(upstream:short)%00%(objectname)%00%(upstream:track)%00%(upstream:remotename)%00%(upstream:remoteref) refs/heads/main refs/remotes/main [4ms]
2026-04-20 18:26:10.197 [info] > git for-each-ref --sort -committerdate --format %(refname)%00%(objectname)%00%(*objectname) [6ms]
2026-04-20 18:26:10.247 [info] > git status -z -uall [72ms]
2026-04-20 18:26:15.382 [info] > git config --get commit.template [17ms]
2026-04-20 18:26:15.384 [info] > git for-each-ref --format=%(refname)%00%(upstream:short)%00%(objectname)%00%(upstream:track)%00%(upstream:remotename)%00%(upstream:remoteref) refs/heads/main refs/remotes/main [3ms]
2026-04-20 18:26:15.425 [info] > git for-each-ref --sort -committerdate --format %(refname)%00%(objectname)%00%(*objectname) [5ms]
2026-04-20 18:26:15.498 [info] > git status -z -uall [94ms]
2026-04-20 18:26:23.626 [info] > git config --get commit.template [14ms]
2026-04-20 18:26:23.627 [info] > git for-each-ref --format=%(refname)%00%(upstream:short)%00%(objectname)%00%(upstream:track)%00%(upstream:remotename)%00%(upstream:remoteref) refs/heads/main refs/remotes/main [3ms]
2026-04-20 18:26:23.654 [info] > git for-each-ref --sort -committerdate --format %(refname)%00%(objectname)%00%(*objectname) [3ms]
2026-04-20 18:26:23.704 [info] > git status -z -uall [65ms]
2026-04-20 18:26:33.333 [info] > git config --get commit.template [12ms]
2026-04-20 18:26:33.334 [info] > git for-each-ref --format=%(refname)%00%(upstream:short)%00%(objectname)%00%(upstream:track)%00%(upstream:remotename)%00%(upstream:remoteref) refs/heads/main refs/remotes/main [2ms]
2026-04-20 18:26:33.360 [info] > git for-each-ref --sort -committerdate --format %(refname)%00%(objectname)%00%(*objectname) [2ms]
2026-04-20 18:26:33.407 [info] > git status -z -uall [62ms]
2026-04-20 18:26:38.521 [info] > git config --get commit.template [12ms]
2026-04-20 18:26:38.523 [info] > git for-each-ref --format=%(refname)%00%(upstream:short)%00%(objectname)%00%(upstream:track)%00%(upstream:remotename)%00%(upstream:remoteref) refs/heads/main refs/remotes/main [3ms]
2026-04-20 18:26:38.547 [info] > git for-each-ref --sort -committerdate --format %(refname)%00%(objectname)%00%(*objectname) [3ms]
2026-04-20 18:26:38.595 [info] > git status -z -uall [61ms]
2026-04-20 18:26:48.916 [info] > git config --get commit.template [14ms]
2026-04-20 18:26:48.916 [info] > git for-each-ref --format=%(refname)%00%(upstream:short)%00%(objectname)%00%(upstream:track)%00%(upstream:remotename)%00%(upstream:remoteref) refs/heads/main refs/remotes/main [2ms]
2026-04-20 18:26:48.943 [info] > git for-each-ref --sort -committerdate --format %(refname)%00%(objectname)%00%(*objectname) [4ms]
2026-04-20 18:26:48.984 [info] > git status -z -uall [57ms]
2026-04-20 18:26:54.084 [info] > git config --get commit.template [13ms]
2026-04-20 18:26:54.085 [info] > git for-each-ref --format=%(refname)%00%(upstream:short)%00%(objectname)%00%(upstream:track)%00%(upstream:remotename)%00%(upstream:remoteref) refs/heads/main refs/remotes/main [4ms]
2026-04-20 18:26:54.126 [info] > git for-each-ref --sort -committerdate --format %(refname)%00%(objectname)%00%(*objectname) [10ms]
2026-04-20 18:26:54.193 [info] > git status -z -uall [90ms]
2026-04-20 18:27:02.759 [info] > git config --get commit.template [2ms]
2026-04-20 18:27:02.771 [info] > git for-each-ref --format=%(refname)%00%(upstream:short)%00%(objectname)%00%(upstream:track)%00%(upstream:remotename)%00%(upstream:remoteref) refs/heads/main refs/remotes/main [2ms]
2026-04-20 18:27:02.796 [info] > git for-each-ref --sort -committerdate --format %(refname)%00%(objectname)%00%(*objectname) [3ms]
2026-04-20 18:27:02.841 [info] > git status -z -uall [58ms]
2026-04-20 18:27:20.130 [info] > git config --get commit.template [16ms]
2026-04-20 18:27:20.133 [info] > git for-each-ref --format=%(refname)%00%(upstream:short)%00%(objectname)%00%(upstream:track)%00%(upstream:remotename)%00%(upstream:remoteref) refs/heads/main refs/remotes/main [5ms]
2026-04-20 18:27:20.166 [info] > git for-each-ref --sort -committerdate --format %(refname)%00%(objectname)%00%(*objectname) [4ms]
2026-04-20 18:27:20.236 [info] > git status -z -uall [88ms]
2026-04-20 18:27:31.650 [info] > git config --get commit.template [12ms]
2026-04-20 18:27:31.651 [info] > git for-each-ref --format=%(refname)%00%(upstream:short)%00%(objectname)%00%(upstream:track)%00%(upstream:remotename)%00%(upstream:remoteref) refs/heads/main refs/remotes/main [3ms]
2026-04-20 18:27:31.675 [info] > git for-each-ref --sort -committerdate --format %(refname)%00%(objectname)%00%(*objectname) [2ms]
2026-04-20 18:27:31.718 [info] > git status -z -uall [55ms]
2026-04-20 18:27:45.021 [info] > git config --get commit.template [12ms]
2026-04-20 18:27:45.024 [info] > git for-each-ref --format=%(refname)%00%(upstream:short)%00%(objectname)%00%(upstream:track)%00%(upstream:remotename)%00%(upstream:remoteref) refs/heads/main refs/remotes/main [4ms]
2026-04-20 18:27:45.047 [info] > git for-each-ref --sort -committerdate --format %(refname)%00%(objectname)%00%(*objectname) [3ms]
2026-04-20 18:27:45.094 [info] > git status -z -uall [60ms]
2026-04-20 18:27:51.502 [info] > git config --get commit.template [15ms]
2026-04-20 18:27:51.503 [info] > git for-each-ref --format=%(refname)%00%(upstream:short)%00%(objectname)%00%(upstream:track)%00%(upstream:remotename)%00%(upstream:remoteref) refs/heads/main refs/remotes/main [5ms]
2026-04-20 18:27:51.528 [info] > git for-each-ref --sort -committerdate --format %(refname)%00%(objectname)%00%(*objectname) [4ms]
2026-04-20 18:27:51.574 [info] > git status -z -uall [60ms]
2026-04-20 18:27:56.683 [info] > git config --get commit.template [12ms]
2026-04-20 18:27:56.685 [info] > git for-each-ref --format=%(refname)%00%(upstream:short)%00%(objectname)%00%(upstream:track)%00%(upstream:remotename)%00%(upstream:remoteref) refs/heads/main refs/remotes/main [3ms]
2026-04-20 18:27:56.709 [info] > git for-each-ref --sort -committerdate --format %(refname)%00%(objectname)%00%(*objectname) [3ms]
2026-04-20 18:27:56.755 [info] > git status -z -uall [59ms]
2026-04-20 18:28:06.554 [info] > git config --get commit.template [15ms]
2026-04-20 18:28:06.555 [info] > git for-each-ref --format=%(refname)%00%(upstream:short)%00%(objectname)%00%(upstream:track)%00%(upstream:remotename)%00%(upstream:remoteref) refs/heads/main refs/remotes/main [3ms]
2026-04-20 18:28:06.579 [info] > git for-each-ref --sort -committerdate --format %(refname)%00%(objectname)%00%(*objectname) [3ms]
2026-04-20 18:28:06.626 [info] > git status -z -uall [60ms]
2026-04-20 18:28:11.733 [info] > git config --get commit.template [12ms]
2026-04-20 18:28:11.735 [info] > git for-each-ref --format=%(refname)%00%(upstream:short)%00%(objectname)%00%(upstream:track)%00%(upstream:remotename)%00%(upstream:remoteref) refs/heads/main refs/remotes/main [2ms]
2026-04-20 18:28:11.758 [info] > git for-each-ref --sort -committerdate --format %(refname)%00%(objectname)%00%(*objectname) [3ms]
2026-04-20 18:28:11.801 [info] > git status -z -uall [55ms]
2026-04-20 18:28:37.028 [info] > git config --get commit.template [13ms]
2026-04-20 18:28:37.029 [info] > git for-each-ref --format=%(refname)%00%(upstream:short)%00%(objectname)%00%(upstream:track)%00%(upstream:remotename)%00%(upstream:remoteref) refs/heads/main refs/remotes/main [3ms]
2026-04-20 18:28:37.053 [info] > git for-each-ref --sort -committerdate --format %(refname)%00%(objectname)%00%(*objectname) [3ms]
2026-04-20 18:28:37.122 [info] > git status -z -uall [82ms]
2026-04-20 18:29:03.744 [info] > git config --get commit.template [7ms]
2026-04-20 18:29:03.757 [info] > git for-each-ref --format=%(refname)%00%(upstream:short)%00%(objectname)%00%(upstream:track)%00%(upstream:remotename)%00%(upstream:remoteref) refs/heads/main refs/remotes/main [3ms]
2026-04-20 18:29:03.781 [info] > git for-each-ref --sort -committerdate --format %(refname)%00%(objectname)%00%(*objectname) [3ms]
2026-04-20 18:29:03.835 [info] > git status -z -uall [66ms]
2026-04-20 18:29:17.056 [info] > git config --get commit.template [12ms]
2026-04-20 18:29:17.058 [info] > git for-each-ref --format=%(refname)%00%(upstream:short)%00%(objectname)%00%(upstream:track)%00%(upstream:remotename)%00%(upstream:remoteref) refs/heads/main refs/remotes/main [3ms]
2026-04-20 18:29:17.083 [info] > git for-each-ref --sort -committerdate --format %(refname)%00%(objectname)%00%(*objectname) [3ms]
2026-04-20 18:29:17.134 [info] > git status -z -uall [64ms]
2026-04-20 18:29:24.973 [info] > git config --get commit.template [13ms]
2026-04-20 18:29:24.974 [info] > git for-each-ref --format=%(refname)%00%(upstream:short)%00%(objectname)%00%(upstream:track)%00%(upstream:remotename)%00%(upstream:remoteref) refs/heads/main refs/remotes/main [3ms]
2026-04-20 18:29:24.998 [info] > git for-each-ref --sort -committerdate --format %(refname)%00%(objectname)%00%(*objectname) [3ms]
2026-04-20 18:29:25.046 [info] > git status -z -uall [62ms]
2026-04-20 18:29:30.158 [info] > git config --get commit.template [11ms]
2026-04-20 18:29:30.159 [info] > git for-each-ref --format=%(refname)%00%(upstream:short)%00%(objectname)%00%(upstream:track)%00%(upstream:remotename)%00%(upstream:remoteref) refs/heads/main refs/remotes/main [3ms]
2026-04-20 18:29:30.182 [info] > git for-each-ref --sort -committerdate --format %(refname)%00%(objectname)%00%(*objectname) [3ms]
2026-04-20 18:29:30.226 [info] > git status -z -uall [57ms]
2026-04-20 18:29:37.638 [info] > git config --get commit.template [13ms]
2026-04-20 18:29:37.639 [info] > git for-each-ref --format=%(refname)%00%(upstream:short)%00%(objectname)%00%(upstream:track)%00%(upstream:remotename)%00%(upstream:remoteref) refs/heads/main refs/remotes/main [3ms]
2026-04-20 18:29:37.667 [info] > git for-each-ref --sort -committerdate --format %(refname)%00%(objectname)%00%(*objectname) [4ms]
2026-04-20 18:29:37.710 [info] > git status -z -uall [59ms]
2026-04-20 18:29:39.044 [info] > git check-ignore -v -z --stdin [4ms]
2026-04-20 18:29:45.198 [info] > git config --get commit.template [11ms]
2026-04-20 18:29:45.200 [info] > git for-each-ref --format=%(refname)%00%(upstream:short)%00%(objectname)%00%(upstream:track)%00%(upstream:remotename)%00%(upstream:remoteref) refs/heads/main refs/remotes/main [3ms]
2026-04-20 18:29:45.221 [info] > git for-each-ref --sort -committerdate --format %(refname)%00%(objectname)%00%(*objectname) [3ms]
2026-04-20 18:29:45.263 [info] > git status -z -uall [54ms]
2026-04-20 18:30:00.229 [info] > git config --get commit.template [12ms]
2026-04-20 18:30:00.230 [info] > git for-each-ref --format=%(refname)%00%(upstream:short)%00%(objectname)%00%(upstream:track)%00%(upstream:remotename)%00%(upstream:remoteref) refs/heads/main refs/remotes/main [3ms]
2026-04-20 18:30:00.252 [info] > git for-each-ref --sort -committerdate --format %(refname)%00%(objectname)%00%(*objectname) [3ms]
2026-04-20 18:30:00.293 [info] > git status -z -uall [52ms]
2026-04-20 18:30:19.408 [info] > git config --get commit.template [7ms]
2026-04-20 18:30:19.420 [info] > git for-each-ref --format=%(refname)%00%(upstream:short)%00%(objectname)%00%(upstream:track)%00%(upstream:remotename)%00%(upstream:remoteref) refs/heads/main refs/remotes/main [2ms]
2026-04-20 18:30:19.445 [info] > git for-each-ref --sort -committerdate --format %(refname)%00%(objectname)%00%(*objectname) [3ms]
2026-04-20 18:30:19.490 [info] > git status -z -uall [58ms]
2026-04-20 18:44:55.236 [info] > git config --get commit.template [14ms]
2026-04-20 18:44:55.237 [info] > git for-each-ref --format=%(refname)%00%(upstream:short)%00%(objectname)%00%(upstream:track)%00%(upstream:remotename)%00%(upstream:remoteref) refs/heads/main refs/remotes/main [2ms]
2026-04-20 18:44:55.262 [info] > git for-each-ref --sort -committerdate --format %(refname)%00%(objectname)%00%(*objectname) [3ms]
2026-04-20 18:44:55.312 [info] > git status -z -uall [65ms]
2026-04-20 18:44:58.829 [info] > git check-ignore -v -z --stdin [2ms]
2026-04-20 18:44:58.942 [info] > git show --textconv :main.py [11ms]
2026-04-20 18:44:58.944 [info] > git ls-files --stage -- main.py [3ms]
2026-04-20 18:44:58.957 [info] > git cat-file -s 6947bd61620856a32d493f597e57b1737df0b740 [2ms]
2026-04-20 18:44:59.438 [info] > git check-ignore -v -z --stdin [4ms]
2026-04-20 18:45:00.454 [info] > git config --get commit.template [11ms]
2026-04-20 18:45:00.456 [info] > git for-each-ref --format=%(refname)%00%(upstream:short)%00%(objectname)%00%(upstream:track)%00%(upstream:remotename)%00%(upstream:remoteref) refs/heads/main refs/remotes/main [2ms]
2026-04-20 18:45:00.478 [info] > git for-each-ref --sort -committerdate --format %(refname)%00%(objectname)%00%(*objectname) [3ms]
2026-04-20 18:45:00.523 [info] > git status -z -uall [58ms]
2026-04-20 18:45:04.081 [info] > git check-ignore -v -z --stdin [12ms]
2026-04-20 18:45:05.625 [info] > git config --get commit.template [14ms]
2026-04-20 18:45:05.627 [info] > git for-each-ref --format=%(refname)%00%(upstream:short)%00%(objectname)%00%(upstream:track)%00%(upstream:remotename)%00%(upstream:remoteref) refs/heads/main refs/remotes/main [3ms]
2026-04-20 18:45:05.655 [info] > git for-each-ref --sort -committerdate --format %(refname)%00%(objectname)%00%(*objectname) [4ms]
2026-04-20 18:45:05.700 [info] > git status -z -uall [60ms]
2026-04-20 18:45:09.347 [info] > git check-ignore -v -z --stdin [2ms]
2026-04-20 18:45:10.791 [info] > git config --get commit.template [11ms]
2026-04-20 18:45:10.793 [info] > git for-each-ref --format=%(refname)%00%(upstream:short)%00%(objectname)%00%(upstream:track)%00%(upstream:remotename)%00%(upstream:remoteref) refs/heads/main refs/remotes/main [2ms]
2026-04-20 18:45:10.821 [info] > git for-each-ref --sort -committerdate --format %(refname)%00%(objectname)%00%(*objectname) [2ms]
2026-04-20 18:45:10.863 [info] > git status -z -uall [59ms]
2026-04-20 18:45:14.886 [info] > git check-ignore -v -z --stdin [7ms]
2026-04-20 18:45:24.197 [info] > git config --get commit.template [11ms]
2026-04-20 18:45:24.199 [info] > git for-each-ref --format=%(refname)%00%(upstream:short)%00%(objectname)%00%(upstream:track)%00%(upstream:remotename)%00%(upstream:remoteref) refs/heads/main refs/remotes/main [3ms]
2026-04-20 18:45:24.222 [info] > git for-each-ref --sort -committerdate --format %(refname)%00%(objectname)%00%(*objectname) [3ms]
2026-04-20 18:45:24.265 [info] > git status -z -uall [56ms]
2026-04-20 18:45:28.362 [info] > git check-ignore -v -z --stdin [2ms]
2026-04-20 18:45:29.351 [info] > git config --get commit.template [12ms]
2026-04-20 18:45:29.352 [info] > git for-each-ref --format=%(refname)%00%(upstream:short)%00%(objectname)%00%(upstream:track)%00%(upstream:remotename)%00%(upstream:remoteref) refs/heads/main refs/remotes/main [2ms]
2026-04-20 18:45:29.377 [info] > git for-each-ref --sort -committerdate --format %(refname)%00%(objectname)%00%(*objectname) [4ms]
2026-04-20 18:45:29.428 [info] > git status -z -uall [65ms]
2026-04-20 18:45:33.149 [info] > git check-ignore -v -z --stdin [4ms]
2026-04-20 18:45:43.857 [info] > git config --get commit.template [11ms]
2026-04-20 18:45:43.859 [info] > git for-each-ref --format=%(refname)%00%(upstream:short)%00%(objectname)%00%(upstream:track)%00%(upstream:remotename)%00%(upstream:remoteref) refs/heads/main refs/remotes/main [2ms]
2026-04-20 18:45:43.882 [info] > git for-each-ref --sort -committerdate --format %(refname)%00%(objectname)%00%(*objectname) [3ms]
2026-04-20 18:45:43.927 [info] > git status -z -uall [58ms]
2026-04-20 18:45:48.363 [info] > git check-ignore -v -z --stdin [2ms]
2026-04-20 18:45:50.474 [info] > git config --get commit.template [12ms]
2026-04-20 18:45:50.476 [info] > git for-each-ref --format=%(refname)%00%(upstream:short)%00%(objectname)%00%(upstream:track)%00%(upstream:remotename)%00%(upstream:remoteref) refs/heads/main refs/remotes/main [3ms]
2026-04-20 18:45:50.499 [info] > git for-each-ref --sort -committerdate --format %(refname)%00%(objectname)%00%(*objectname) [3ms]
2026-04-20 18:45:50.542 [info] > git status -z -uall [56ms]
2026-04-20 18:45:54.256 [info] > git check-ignore -v -z --stdin [3ms]
2026-04-20 18:45:55.619 [info] > git config --get commit.template [3ms]
2026-04-20 18:45:55.642 [info] > git for-each-ref --format=%(refname)%00%(upstream:short)%00%(objectname)%00%(upstream:track)%00%(upstream:remotename)%00%(upstream:remoteref) refs/heads/main refs/remotes/main [8ms]
2026-04-20 18:45:55.677 [info] > git for-each-ref --sort -committerdate --format %(refname)%00%(objectname)%00%(*objectname) [4ms]
2026-04-20 18:45:55.722 [info] > git status -z -uall [63ms]
2026-04-20 18:45:59.050 [info] > git check-ignore -v -z --stdin [2ms]
2026-04-20 18:45:59.348 [info] > git check-ignore -v -z --stdin [3ms]
2026-04-20 18:45:59.644 [info] > git check-ignore -v -z --stdin [3ms]
2026-04-20 18:46:16.009 [info] > git config --get commit.template [11ms]
2026-04-20 18:46:16.011 [info] > git for-each-ref --format=%(refname)%00%(upstream:short)%00%(objectname)%00%(upstream:track)%00%(upstream:remotename)%00%(upstream:remoteref) refs/heads/main refs/remotes/main [3ms]
2026-04-20 18:46:16.034 [info] > git for-each-ref --sort -committerdate --format %(refname)%00%(objectname)%00%(*objectname) [3ms]
2026-04-20 18:46:16.077 [info] > git status -z -uall [56ms]
2026-04-20 18:46:19.840 [info] > git check-ignore -v -z --stdin [3ms]
2026-04-20 18:46:21.166 [info] > git config --get commit.template [12ms]
2026-04-20 18:46:21.167 [info] > git for-each-ref --format=%(refname)%00%(upstream:short)%00%(objectname)%00%(upstream:track)%00%(upstream:remotename)%00%(upstream:remoteref) refs/heads/main refs/remotes/main [2ms]
2026-04-20 18:46:21.193 [info] > git for-each-ref --sort -committerdate --format %(refname)%00%(objectname)%00%(*objectname) [3ms]
2026-04-20 18:46:21.240 [info] > git status -z -uall [61ms]
2026-04-20 18:46:24.960 [info] > git check-ignore -v -z --stdin [2ms]
2026-04-20 18:46:26.331 [info] > git config --get commit.template [14ms]
2026-04-20 18:46:26.332 [info] > git for-each-ref --format=%(refname)%00%(upstream:short)%00%(objectname)%00%(upstream:track)%00%(upstream:remotename)%00%(upstream:remoteref) refs/heads/main refs/remotes/main [3ms]
2026-04-20 18:46:26.356 [info] > git for-each-ref --sort -committerdate --format %(refname)%00%(objectname)%00%(*objectname) [3ms]
2026-04-20 18:46:26.404 [info] > git status -z -uall [60ms]
2026-04-20 18:46:30.373 [info] > git check-ignore -v -z --stdin [7ms]
2026-04-20 18:46:35.520 [info] > git config --get commit.template [31ms]
2026-04-20 18:46:35.542 [info] > git for-each-ref --format=%(refname)%00%(upstream:short)%00%(objectname)%00%(upstream:track)%00%(upstream:remotename)%00%(upstream:remoteref) refs/heads/main refs/remotes/main [4ms]
2026-04-20 18:46:35.586 [info] > git for-each-ref --sort -committerdate --format %(refname)%00%(objectname)%00%(*objectname) [3ms]
2026-04-20 18:46:35.633 [info] > git status -z -uall [71ms]
2026-04-20 18:46:39.786 [info] > git check-ignore -v -z --stdin [4ms]
2026-04-20 18:46:41.487 [info] > git config --get commit.template [7ms]
2026-04-20 18:46:41.522 [info] > git for-each-ref --format=%(refname)%00%(upstream:short)%00%(objectname)%00%(upstream:track)%00%(upstream:remotename)%00%(upstream:remoteref) refs/heads/main refs/remotes/main [3ms]
2026-04-20 18:46:41.749 [info] > git for-each-ref --sort -committerdate --format %(refname)%00%(objectname)%00%(*objectname) [80ms]
2026-04-20 18:46:41.771 [info] > git status -z -uall [173ms]
2026-04-20 18:46:45.371 [info] > git check-ignore -v -z --stdin [7ms]
2026-04-20 18:46:45.732 [info] > git check-ignore -v -z --stdin [3ms]
2026-04-20 18:46:47.324 [info] > git config --get commit.template [40ms]
2026-04-20 18:46:47.358 [info] > git for-each-ref --format=%(refname)%00%(upstream:short)%00%(objectname)%00%(upstream:track)%00%(upstream:remotename)%00%(upstream:remoteref) refs/heads/main refs/remotes/main [7ms]
2026-04-20 18:46:47.459 [info] > git for-each-ref --sort -committerdate --format %(refname)%00%(objectname)%00%(*objectname) [13ms]
2026-04-20 18:46:47.522 [info] > git status -z -uall [126ms]
2026-04-20 18:46:51.237 [info] > git check-ignore -v -z --stdin [2ms]
2026-04-20 18:46:52.378 [info] > git check-ignore -v -z --stdin [2ms]
2026-04-20 18:46:59.445 [info] > git config --get commit.template [16ms]
2026-04-20 18:46:59.446 [info] > git for-each-ref --format=%(refname)%00%(upstream:short)%00%(objectname)%00%(upstream:track)%00%(upstream:remotename)%00%(upstream:remoteref) refs/heads/main refs/remotes/main [3ms]
2026-04-20 18:46:59.486 [info] > git for-each-ref --sort -committerdate --format %(refname)%00%(objectname)%00%(*objectname) [4ms]
2026-04-20 18:46:59.527 [info] > git status -z -uall [66ms]
2026-04-20 18:47:03.497 [info] > git check-ignore -v -z --stdin [2ms]
2026-04-20 18:57:21.334 [info] > git config --get commit.template [18ms]
2026-04-20 18:57:21.335 [info] > git for-each-ref --format=%(refname)%00%(upstream:short)%00%(objectname)%00%(upstream:track)%00%(upstream:remotename)%00%(upstream:remoteref) refs/heads/main refs/remotes/main [3ms]
2026-04-20 18:57:21.368 [info] > git for-each-ref --sort -committerdate --format %(refname)%00%(objectname)%00%(*objectname) [4ms]
2026-04-20 18:57:21.425 [info] > git status -z -uall [75ms]
2026-04-20 18:57:25.316 [info] > git check-ignore -v -z --stdin [11ms]
2026-04-20 19:01:41.523 [info] > git config --get commit.template [11ms]
2026-04-20 19:01:41.525 [info] > git for-each-ref --format=%(refname)%00%(upstream:short)%00%(objectname)%00%(upstream:track)%00%(upstream:remotename)%00%(upstream:remoteref) refs/heads/main refs/remotes/main [3ms]
2026-04-20 19:01:41.548 [info] > git for-each-ref --sort -committerdate --format %(refname)%00%(objectname)%00%(*objectname) [2ms]
2026-04-20 19:01:41.595 [info] > git status -z -uall [61ms]
2026-04-20 19:01:45.211 [info] > git check-ignore -v -z --stdin [1ms]
2026-04-20 19:01:47.447 [info] > git config --get commit.template [2ms]
2026-04-20 19:01:47.459 [info] > git for-each-ref --format=%(refname)%00%(upstream:short)%00%(objectname)%00%(upstream:track)%00%(upstream:remotename)%00%(upstream:remoteref) refs/heads/main refs/remotes/main [2ms]
2026-04-20 19:01:47.481 [info] > git for-each-ref --sort -committerdate --format %(refname)%00%(objectname)%00%(*objectname) [3ms]
2026-04-20 19:01:47.524 [info] > git status -z -uall [56ms]
2026-04-20 19:01:51.021 [info] > git check-ignore -v -z --stdin [11ms]
2026-04-20 19:01:52.987 [info] > git config --get commit.template [2ms]
2026-04-20 19:01:52.998 [info] > git for-each-ref --format=%(refname)%00%(upstream:short)%00%(objectname)%00%(upstream:track)%00%(upstream:remotename)%00%(upstream:remoteref) refs/heads/main refs/remotes/main [2ms]
2026-04-20 19:01:53.020 [info] > git for-each-ref --sort -committerdate --format %(refname)%00%(objectname)%00%(*objectname) [3ms]
2026-04-20 19:01:53.062 [info] > git status -z -uall [54ms]
2026-04-20 19:01:56.630 [info] > git check-ignore -v -z --stdin [2ms]
2026-04-20 19:01:58.154 [info] > git config --get commit.template [11ms]
2026-04-20 19:01:58.155 [info] > git for-each-ref --format=%(refname)%00%(upstream:short)%00%(objectname)%00%(upstream:track)%00%(upstream:remotename)%00%(upstream:remoteref) refs/heads/main refs/remotes/main [2ms]
2026-04-20 19:01:58.179 [info] > git for-each-ref --sort -committerdate --format %(refname)%00%(objectname)%00%(*objectname) [3ms]
2026-04-20 19:01:58.224 [info] > git status -z -uall [57ms]
2026-04-20 19:02:01.574 [info] > git check-ignore -v -z --stdin [6ms]
2026-04-20 19:02:03.302 [info] > git config --get commit.template [9ms]
2026-04-20 19:02:03.303 [info] > git for-each-ref --format=%(refname)%00%(upstream:short)%00%(objectname)%00%(upstream:track)%00%(upstream:remotename)%00%(upstream:remoteref) refs/heads/main refs/remotes/main [2ms]
2026-04-20 19:02:03.325 [info] > git for-each-ref --sort -committerdate --format %(refname)%00%(objectname)%00%(*objectname) [3ms]
2026-04-20 19:02:03.368 [info] > git status -z -uall [54ms]
2026-04-20 19:02:06.807 [info] > git check-ignore -v -z --stdin [4ms]
2026-04-20 19:02:08.711 [info] > git config --get commit.template [11ms]
2026-04-20 19:02:08.712 [info] > git for-each-ref --format=%(refname)%00%(upstream:short)%00%(objectname)%00%(upstream:track)%00%(upstream:remotename)%00%(upstream:remoteref) refs/heads/main refs/remotes/main [2ms]
2026-04-20 19:02:08.734 [info] > git for-each-ref --sort -committerdate --format %(refname)%00%(objectname)%00%(*objectname) [3ms]
2026-04-20 19:02:08.780 [info] > git status -z -uall [58ms]
2026-04-20 19:02:12.887 [info] > git check-ignore -v -z --stdin [2ms]
2026-04-20 19:02:14.127 [info] > git config --get commit.template [11ms]
2026-04-20 19:02:14.128 [info] > git for-each-ref --format=%(refname)%00%(upstream:short)%00%(objectname)%00%(upstream:track)%00%(upstream:remotename)%00%(upstream:remoteref) refs/heads/main refs/remotes/main [2ms]
2026-04-20 19:02:14.151 [info] > git for-each-ref --sort -committerdate --format %(refname)%00%(objectname)%00%(*objectname) [3ms]
2026-04-20 19:02:14.197 [info] > git status -z -uall [59ms]
2026-04-20 19:02:17.769 [info] > git check-ignore -v -z --stdin [2ms]
2026-04-20 19:02:21.612 [info] > git config --get commit.template [2ms]
2026-04-20 19:02:21.625 [info] > git for-each-ref --format=%(refname)%00%(upstream:short)%00%(objectname)%00%(upstream:track)%00%(upstream:remotename)%00%(upstream:remoteref) refs/heads/main refs/remotes/main [2ms]
2026-04-20 19:02:21.647 [info] > git for-each-ref --sort -committerdate --format %(refname)%00%(objectname)%00%(*objectname) [2ms]
2026-04-20 19:02:21.696 [info] > git status -z -uall [61ms]
2026-04-20 19:02:25.283 [info] > git check-ignore -v -z --stdin [2ms]
2026-04-20 19:02:27.123 [info] > git config --get commit.template [11ms]
2026-04-20 19:02:27.124 [info] > git for-each-ref --format=%(refname)%00%(upstream:short)%00%(objectname)%00%(upstream:track)%00%(upstream:remotename)%00%(upstream:remoteref) refs/heads/main refs/remotes/main [2ms]
2026-04-20 19:02:27.148 [info] > git for-each-ref --sort -committerdate --format %(refname)%00%(objectname)%00%(*objectname) [3ms]
2026-04-20 19:02:27.191 [info] > git status -z -uall [56ms]
2026-04-20 19:02:30.732 [info] > git check-ignore -v -z --stdin [2ms]
2026-04-20 19:02:32.271 [info] > git config --get commit.template [7ms]
2026-04-20 19:02:32.283 [info] > git for-each-ref --format=%(refname)%00%(upstream:short)%00%(objectname)%00%(upstream:track)%00%(upstream:remotename)%00%(upstream:remoteref) refs/heads/main refs/remotes/main [2ms]
2026-04-20 19:02:32.307 [info] > git for-each-ref --sort -committerdate --format %(refname)%00%(objectname)%00%(*objectname) [3ms]
2026-04-20 19:02:32.354 [info] > git status -z -uall [60ms]
2026-04-20 19:02:35.946 [info] > git check-ignore -v -z --stdin [8ms]
2026-04-20 19:02:37.445 [info] > git config --get commit.template [11ms]
2026-04-20 19:02:37.447 [info] > git for-each-ref --format=%(refname)%00%(upstream:short)%00%(objectname)%00%(upstream:track)%00%(upstream:remotename)%00%(upstream:remoteref) refs/heads/main refs/remotes/main [3ms]
2026-04-20 19:02:37.469 [info] > git for-each-ref --sort -committerdate --format %(refname)%00%(objectname)%00%(*objectname) [3ms]
2026-04-20 19:02:37.516 [info] > git status -z -uall [59ms]
2026-04-20 19:02:41.093 [info] > git check-ignore -v -z --stdin [2ms]
2026-04-20 19:02:42.606 [info] > git config --get commit.template [10ms]
2026-04-20 19:02:42.607 [info] > git for-each-ref --format=%(refname)%00%(upstream:short)%00%(objectname)%00%(upstream:track)%00%(upstream:remotename)%00%(upstream:remoteref) refs/heads/main refs/remotes/main [3ms]
2026-04-20 19:02:42.628 [info] > git for-each-ref --sort -committerdate --format %(refname)%00%(objectname)%00%(*objectname) [3ms]
2026-04-20 19:02:42.669 [info] > git status -z -uall [53ms]
2026-04-20 19:02:46.157 [info] > git check-ignore -v -z --stdin [2ms]
2026-04-20 19:02:47.751 [info] > git config --get commit.template [11ms]
2026-04-20 19:02:47.752 [info] > git for-each-ref --format=%(refname)%00%(upstream:short)%00%(objectname)%00%(upstream:track)%00%(upstream:remotename)%00%(upstream:remoteref) refs/heads/main refs/remotes/main [3ms]
2026-04-20 19:02:47.774 [info] > git for-each-ref --sort -committerdate --format %(refname)%00%(objectname)%00%(*objectname) [3ms]
2026-04-20 19:02:47.817 [info] > git status -z -uall [54ms]
2026-04-20 19:02:51.312 [info] > git check-ignore -v -z --stdin [2ms]
2026-04-20 19:02:56.578 [info] > git config --get commit.template [10ms]
2026-04-20 19:02:56.581 [info] > git for-each-ref --format=%(refname)%00%(upstream:short)%00%(objectname)%00%(upstream:track)%00%(upstream:remotename)%00%(upstream:remoteref) refs/heads/main refs/remotes/main [4ms]
2026-04-20 19:02:56.603 [info] > git for-each-ref --sort -committerdate --format %(refname)%00%(objectname)%00%(*objectname) [3ms]
2026-04-20 19:02:56.646 [info] > git status -z -uall [55ms]
2026-04-20 19:03:00.360 [info] > git check-ignore -v -z --stdin [2ms]
2026-04-20 19:03:04.449 [info] > git config --get commit.template [11ms]
2026-04-20 19:03:04.450 [info] > git for-each-ref --format=%(refname)%00%(upstream:short)%00%(objectname)%00%(upstream:track)%00%(upstream:remotename)%00%(upstream:remoteref) refs/heads/main refs/remotes/main [3ms]
2026-04-20 19:03:04.472 [info] > git for-each-ref --sort -committerdate --format %(refname)%00%(objectname)%00%(*objectname) [3ms]
2026-04-20 19:03:04.519 [info] > git status -z -uall [58ms]
2026-04-20 19:03:08.034 [info] > git check-ignore -v -z --stdin [6ms]
2026-04-20 19:03:09.590 [info] > git config --get commit.template [3ms]
2026-04-20 19:03:09.602 [info] > git for-each-ref --format=%(refname)%00%(upstream:short)%00%(objectname)%00%(upstream:track)%00%(upstream:remotename)%00%(upstream:remoteref) refs/heads/main refs/remotes/main [3ms]
2026-04-20 19:03:09.627 [info] > git for-each-ref --sort -committerdate --format %(refname)%00%(objectname)%00%(*objectname) [2ms]
2026-04-20 19:03:09.675 [info] > git status -z -uall [60ms]
2026-04-20 19:03:12.896 [info] > git check-ignore -v -z --stdin [2ms]
2026-04-20 19:03:13.377 [info] > git check-ignore -v -z --stdin [3ms]
2026-04-20 19:03:20.221 [info] > git config --get commit.template [11ms]
2026-04-20 19:03:20.223 [info] > git for-each-ref --format=%(refname)%00%(upstream:short)%00%(objectname)%00%(upstream:track)%00%(upstream:remotename)%00%(upstream:remoteref) refs/heads/main refs/remotes/main [3ms]
2026-04-20 19:03:20.246 [info] > git for-each-ref --sort -committerdate --format %(refname)%00%(objectname)%00%(*objectname) [2ms]
2026-04-20 19:03:20.291 [info] > git status -z -uall [57ms]
2026-04-20 19:03:24.366 [info] > git check-ignore -v -z --stdin [2ms]
2026-04-20 19:03:37.191 [info] > git config --get commit.template [12ms]
2026-04-20 19:03:37.193 [info] > git for-each-ref --format=%(refname)%00%(upstream:short)%00%(objectname)%00%(upstream:track)%00%(upstream:remotename)%00%(upstream:remoteref) refs/heads/main refs/remotes/main [3ms]
2026-04-20 19:03:37.216 [info] > git for-each-ref --sort -committerdate --format %(refname)%00%(objectname)%00%(*objectname) [2ms]
2026-04-20 19:03:37.258 [info] > git status -z -uall [55ms]
2026-04-20 19:03:40.856 [info] > git check-ignore -v -z --stdin [8ms]
2026-04-20 19:03:42.353 [info] > git config --get commit.template [10ms]
2026-04-20 19:03:42.354 [info] > git for-each-ref --format=%(refname)%00%(upstream:short)%00%(objectname)%00%(upstream:track)%00%(upstream:remotename)%00%(upstream:remoteref) refs/heads/main refs/remotes/main [2ms]
2026-04-20 19:03:42.378 [info] > git for-each-ref --sort -committerdate --format %(refname)%00%(objectname)%00%(*objectname) [3ms]
2026-04-20 19:03:42.425 [info] > git status -z -uall [58ms]
2026-04-20 19:03:46.369 [info] > git check-ignore -v -z --stdin [1ms]
2026-04-20 19:03:50.929 [info] > git config --get commit.template [12ms]
2026-04-20 19:03:50.930 [info] > git for-each-ref --format=%(refname)%00%(upstream:short)%00%(objectname)%00%(upstream:track)%00%(upstream:remotename)%00%(upstream:remoteref) refs/heads/main refs/remotes/main [3ms]
2026-04-20 19:03:50.953 [info] > git for-each-ref --sort -committerdate --format %(refname)%00%(objectname)%00%(*objectname) [3ms]
2026-04-20 19:03:50.999 [info] > git status -z -uall [59ms]
2026-04-20 19:03:54.575 [info] > git check-ignore -v -z --stdin [2ms]
2026-04-20 19:03:56.539 [info] > git config --get commit.template [10ms]
2026-04-20 19:03:56.541 [info] > git for-each-ref --format=%(refname)%00%(upstream:short)%00%(objectname)%00%(upstream:track)%00%(upstream:remotename)%00%(upstream:remoteref) refs/heads/main refs/remotes/main [2ms]
2026-04-20 19:03:56.561 [info] > git for-each-ref --sort -committerdate --format %(refname)%00%(objectname)%00%(*objectname) [3ms]
2026-04-20 19:03:56.604 [info] > git status -z -uall [54ms]
2026-04-20 19:04:00.376 [info] > git check-ignore -v -z --stdin [6ms]
2026-04-20 19:04:05.914 [info] > git config --get commit.template [11ms]
2026-04-20 19:04:05.917 [info] > git for-each-ref --format=%(refname)%00%(upstream:short)%00%(objectname)%00%(upstream:track)%00%(upstream:remotename)%00%(upstream:remoteref) refs/heads/main refs/remotes/main [4ms]
2026-04-20 19:04:05.942 [info] > git for-each-ref --sort -committerdate --format %(refname)%00%(objectname)%00%(*objectname) [3ms]
2026-04-20 19:04:05.985 [info] > git status -z -uall [58ms]
2026-04-20 19:04:09.530 [info] > git check-ignore -v -z --stdin [7ms]
2026-04-20 19:04:10.223 [info] > git check-ignore -v -z --stdin [2ms]
2026-04-20 19:04:11.074 [info] > git config --get commit.template [12ms]
2026-04-20 19:04:11.075 [info] > git for-each-ref --format=%(refname)%00%(upstream:short)%00%(objectname)%00%(upstream:track)%00%(upstream:remotename)%00%(upstream:remoteref) refs/heads/main refs/remotes/main [3ms]
2026-04-20 19:04:11.097 [info] > git for-each-ref --sort -committerdate --format %(refname)%00%(objectname)%00%(*objectname) [3ms]
2026-04-20 19:04:11.142 [info] > git status -z -uall [57ms]
2026-04-20 19:04:14.494 [info] > git check-ignore -v -z --stdin [3ms]
2026-04-20 19:04:19.513 [info] > git check-ignore -v -z --stdin [2ms]
2026-04-20 19:04:19.798 [info] > git check-ignore -v -z --stdin [2ms]
2026-04-20 19:04:24.727 [info] > git config --get commit.template [11ms]
2026-04-20 19:04:24.729 [info] > git for-each-ref --format=%(refname)%00%(upstream:short)%00%(objectname)%00%(upstream:track)%00%(upstream:remotename)%00%(upstream:remoteref) refs/heads/main refs/remotes/main [2ms]
2026-04-20 19:04:24.750 [info] > git for-each-ref --sort -committerdate --format %(refname)%00%(objectname)%00%(*objectname) [2ms]
2026-04-20 19:04:24.794 [info] > git status -z -uall [55ms]
2026-04-20 19:04:28.372 [info] > git check-ignore -v -z --stdin [2ms]
2026-04-20 19:04:34.668 [info] > git config --get commit.template [11ms]
2026-04-20 19:04:34.670 [info] > git for-each-ref --format=%(refname)%00%(upstream:short)%00%(objectname)%00%(upstream:track)%00%(upstream:remotename)%00%(upstream:remoteref) refs/heads/main refs/remotes/main [3ms]
2026-04-20 19:04:34.693 [info] > git for-each-ref --sort -committerdate --format %(refname)%00%(objectname)%00%(*objectname) [3ms]
2026-04-20 19:04:34.736 [info] > git status -z -uall [56ms]
2026-04-20 19:04:38.236 [info] > git check-ignore -v -z --stdin [2ms]
2026-04-20 19:04:39.823 [info] > git config --get commit.template [12ms]
2026-04-20 19:04:39.824 [info] > git for-each-ref --format=%(refname)%00%(upstream:short)%00%(objectname)%00%(upstream:track)%00%(upstream:remotename)%00%(upstream:remoteref) refs/heads/main refs/remotes/main [2ms]
2026-04-20 19:04:39.857 [info] > git for-each-ref --sort -committerdate --format %(refname)%00%(objectname)%00%(*objectname) [6ms]
2026-04-20 19:04:39.901 [info] > git status -z -uall [65ms]
2026-04-20 19:04:44.387 [info] > git check-ignore -v -z --stdin [7ms]
2026-04-20 19:04:47.862 [info] > git config --get commit.template [3ms]
2026-04-20 19:04:47.872 [info] > git for-each-ref --format=%(refname)%00%(upstream:short)%00%(objectname)%00%(upstream:track)%00%(upstream:remotename)%00%(upstream:remoteref) refs/heads/main refs/remotes/main [2ms]
2026-04-20 19:04:47.893 [info] > git for-each-ref --sort -committerdate --format %(refname)%00%(objectname)%00%(*objectname) [3ms]
2026-04-20 19:04:47.940 [info] > git status -z -uall [58ms]
2026-04-20 19:04:51.442 [info] > git check-ignore -v -z --stdin [2ms]
2026-04-20 19:04:52.660 [info] > git check-ignore -v -z --stdin [2ms]
2026-04-20 19:05:02.762 [info] > git config --get commit.template [9ms]
2026-04-20 19:05:02.763 [info] > git for-each-ref --format=%(refname)%00%(upstream:short)%00%(objectname)%00%(upstream:track)%00%(upstream:remotename)%00%(upstream:remoteref) refs/heads/main refs/remotes/main [2ms]
2026-04-20 19:05:02.783 [info] > git for-each-ref --sort -committerdate --format %(refname)%00%(objectname)%00%(*objectname) [2ms]
2026-04-20 19:05:02.827 [info] > git status -z -uall [55ms]
2026-04-20 19:05:06.331 [info] > git check-ignore -v -z --stdin [2ms]
2026-04-20 19:05:07.915 [info] > git config --get commit.template [11ms]
2026-04-20 19:05:07.916 [info] > git for-each-ref --format=%(refname)%00%(upstream:short)%00%(objectname)%00%(upstream:track)%00%(upstream:remotename)%00%(upstream:remoteref) refs/heads/main refs/remotes/main [2ms]
2026-04-20 19:05:07.939 [info] > git for-each-ref --sort -committerdate --format %(refname)%00%(objectname)%00%(*objectname) [3ms]
2026-04-20 19:05:07.981 [info] > git status -z -uall [55ms]
2026-04-20 19:05:11.487 [info] > git check-ignore -v -z --stdin [3ms]
2026-04-20 19:23:36.172 [info] > git config --get commit.template [3ms]
2026-04-20 19:23:36.184 [info] > git for-each-ref --format=%(refname)%00%(upstream:short)%00%(objectname)%00%(upstream:track)%00%(upstream:remotename)%00%(upstream:remoteref) refs/heads/main refs/remotes/main [2ms]
2026-04-20 19:23:36.207 [info] > git for-each-ref --sort -committerdate --format %(refname)%00%(objectname)%00%(*objectname) [3ms]
2026-04-20 19:23:36.255 [info] > git status -z -uall [60ms]
2026-04-20 19:23:49.681 [info] > git config --get commit.template [12ms]
2026-04-20 19:23:49.682 [info] > git for-each-ref --format=%(refname)%00%(upstream:short)%00%(objectname)%00%(upstream:track)%00%(upstream:remotename)%00%(upstream:remoteref) refs/heads/main refs/remotes/main [3ms]
2026-04-20 19:23:49.704 [info] > git for-each-ref --sort -committerdate --format %(refname)%00%(objectname)%00%(*objectname) [3ms]
2026-04-20 19:23:49.750 [info] > git status -z -uall [58ms]
2026-04-20 19:23:56.608 [info] > git config --get commit.template [11ms]
2026-04-20 19:23:56.610 [info] > git for-each-ref --format=%(refname)%00%(upstream:short)%00%(objectname)%00%(upstream:track)%00%(upstream:remotename)%00%(upstream:remoteref) refs/heads/main refs/remotes/main [3ms]
2026-04-20 19:23:56.632 [info] > git for-each-ref --sort -committerdate --format %(refname)%00%(objectname)%00%(*objectname) [3ms]
2026-04-20 19:23:56.677 [info] > git status -z -uall [57ms]
2026-04-20 19:24:02.739 [info] > git config --get commit.template [12ms]
2026-04-20 19:24:02.741 [info] > git for-each-ref --format=%(refname)%00%(upstream:short)%00%(objectname)%00%(upstream:track)%00%(upstream:remotename)%00%(upstream:remoteref) refs/heads/main refs/remotes/main [3ms]
2026-04-20 19:24:02.762 [info] > git for-each-ref --sort -committerdate --format %(refname)%00%(objectname)%00%(*objectname) [2ms]
2026-04-20 19:24:02.809 [info] > git status -z -uall [59ms]
2026-04-20 19:24:07.911 [info] > git config --get commit.template [10ms]
2026-04-20 19:24:07.912 [info] > git for-each-ref --format=%(refname)%00%(upstream:short)%00%(objectname)%00%(upstream:track)%00%(upstream:remotename)%00%(upstream:remoteref) refs/heads/main refs/remotes/main [2ms]
2026-04-20 19:24:07.937 [info] > git for-each-ref --sort -committerdate --format %(refname)%00%(objectname)%00%(*objectname) [3ms]
2026-04-20 19:24:07.979 [info] > git status -z -uall [55ms]
2026-04-20 19:24:11.274 [info] > git check-ignore -v -z --stdin [2ms]
2026-04-20 19:24:11.389 [info] > git show --textconv :main.py [11ms]
2026-04-20 19:24:11.391 [info] > git ls-files --stage -- main.py [3ms]
2026-04-20 19:24:11.404 [info] > git cat-file -s 6947bd61620856a32d493f597e57b1737df0b740 [2ms]
2026-04-20 19:24:11.752 [info] > git check-ignore -v -z --stdin [2ms]
2026-04-20 19:24:13.080 [info] > git config --get commit.template [11ms]
2026-04-20 19:24:13.082 [info] > git for-each-ref --format=%(refname)%00%(upstream:short)%00%(objectname)%00%(upstream:track)%00%(upstream:remotename)%00%(upstream:remoteref) refs/heads/main refs/remotes/main [3ms]
2026-04-20 19:24:13.105 [info] > git for-each-ref --sort -committerdate --format %(refname)%00%(objectname)%00%(*objectname) [2ms]
2026-04-20 19:24:13.148 [info] > git status -z -uall [55ms]
2026-04-20 19:24:17.378 [info] > git check-ignore -v -z --stdin [2ms]
2026-04-20 19:24:18.238 [info] > git config --get commit.template [16ms]
2026-04-20 19:24:18.240 [info] > git for-each-ref --format=%(refname)%00%(upstream:short)%00%(objectname)%00%(upstream:track)%00%(upstream:remotename)%00%(upstream:remoteref) refs/heads/main refs/remotes/main [3ms]
2026-04-20 19:24:18.265 [info] > git for-each-ref --sort -committerdate --format %(refname)%00%(objectname)%00%(*objectname) [2ms]
2026-04-20 19:24:18.306 [info] > git status -z -uall [54ms]
2026-04-20 19:24:21.810 [info] > git check-ignore -v -z --stdin [2ms]
2026-04-20 19:24:25.643 [info] > git config --get commit.template [12ms]
2026-04-20 19:24:25.645 [info] > git for-each-ref --format=%(refname)%00%(upstream:short)%00%(objectname)%00%(upstream:track)%00%(upstream:remotename)%00%(upstream:remoteref) refs/heads/main refs/remotes/main [3ms]
2026-04-20 19:24:25.671 [info] > git for-each-ref --sort -committerdate --format %(refname)%00%(objectname)%00%(*objectname) [2ms]
2026-04-20 19:24:25.720 [info] > git status -z -uall [61ms]
2026-04-20 19:24:29.362 [info] > git check-ignore -v -z --stdin [5ms]
2026-04-20 19:24:30.342 [info] > git check-ignore -v -z --stdin [2ms]
2026-04-20 19:24:38.351 [info] > git check-ignore -v -z --stdin [2ms]
2026-04-20 19:24:39.723 [info] > git check-ignore -v -z --stdin [3ms]
2026-04-20 19:24:55.662 [info] > git config --get commit.template [11ms]
2026-04-20 19:24:55.664 [info] > git for-each-ref --format=%(refname)%00%(upstream:short)%00%(objectname)%00%(upstream:track)%00%(upstream:remotename)%00%(upstream:remoteref) refs/heads/main refs/remotes/main [3ms]
2026-04-20 19:24:55.688 [info] > git for-each-ref --sort -committerdate --format %(refname)%00%(objectname)%00%(*objectname) [3ms]
2026-04-20 19:24:55.735 [info] > git status -z -uall [60ms]
2026-04-20 19:24:59.429 [info] > git check-ignore -v -z --stdin [14ms]
2026-04-20 19:25:00.813 [info] > git config --get commit.template [9ms]
2026-04-20 19:25:00.815 [info] > git for-each-ref --format=%(refname)%00%(upstream:short)%00%(objectname)%00%(upstream:track)%00%(upstream:remotename)%00%(upstream:remoteref) refs/heads/main refs/remotes/main [3ms]
2026-04-20 19:25:00.835 [info] > git for-each-ref --sort -committerdate --format %(refname)%00%(objectname)%00%(*objectname) [3ms]
2026-04-20 19:25:00.883 [info] > git status -z -uall [59ms]
2026-04-20 19:25:05.376 [info] > git check-ignore -v -z --stdin [2ms]
2026-04-20 19:25:06.150 [info] > git config --get commit.template [11ms]
2026-04-20 19:25:06.151 [info] > git for-each-ref --format=%(refname)%00%(upstream:short)%00%(objectname)%00%(upstream:track)%00%(upstream:remotename)%00%(upstream:remoteref) refs/heads/main refs/remotes/main [2ms]
2026-04-20 19:25:06.171 [info] > git for-each-ref --sort -committerdate --format %(refname)%00%(objectname)%00%(*objectname) [2ms]
2026-04-20 19:25:06.217 [info] > git status -z -uall [57ms]
2026-04-20 19:25:10.388 [info] > git check-ignore -v -z --stdin [8ms]
2026-04-20 19:25:11.678 [info] > git config --get commit.template [11ms]
2026-04-20 19:25:11.679 [info] > git for-each-ref --format=%(refname)%00%(upstream:short)%00%(objectname)%00%(upstream:track)%00%(upstream:remotename)%00%(upstream:remoteref) refs/heads/main refs/remotes/main [2ms]
2026-04-20 19:25:11.701 [info] > git for-each-ref --sort -committerdate --format %(refname)%00%(objectname)%00%(*objectname) [3ms]
2026-04-20 19:25:11.746 [info] > git status -z -uall [57ms]
2026-04-20 19:25:15.397 [info] > git check-ignore -v -z --stdin [3ms]
2026-04-20 19:25:20.417 [info] > git config --get commit.template [10ms]
2026-04-20 19:25:20.418 [info] > git for-each-ref --format=%(refname)%00%(upstream:short)%00%(objectname)%00%(upstream:track)%00%(upstream:remotename)%00%(upstream:remoteref) refs/heads/main refs/remotes/main [2ms]
2026-04-20 19:25:20.439 [info] > git for-each-ref --sort -committerdate --format %(refname)%00%(objectname)%00%(*objectname) [3ms]
2026-04-20 19:25:20.484 [info] > git status -z -uall [57ms]
2026-04-20 19:25:24.241 [info] > git check-ignore -v -z --stdin [2ms]
2026-04-20 19:25:25.568 [info] > git config --get commit.template [12ms]
2026-04-20 19:25:25.569 [info] > git for-each-ref --format=%(refname)%00%(upstream:short)%00%(objectname)%00%(upstream:track)%00%(upstream:remotename)%00%(upstream:remoteref) refs/heads/main refs/remotes/main [2ms]
2026-04-20 19:25:25.591 [info] > git for-each-ref --sort -committerdate --format %(refname)%00%(objectname)%00%(*objectname) [3ms]
2026-04-20 19:25:25.638 [info] > git status -z -uall [59ms]
2026-04-20 19:25:29.393 [info] > git check-ignore -v -z --stdin [11ms]
2026-04-20 19:25:30.717 [info] > git config --get commit.template [3ms]
2026-04-20 19:25:30.729 [info] > git for-each-ref --format=%(refname)%00%(upstream:short)%00%(objectname)%00%(upstream:track)%00%(upstream:remotename)%00%(upstream:remoteref) refs/heads/main refs/remotes/main [2ms]
2026-04-20 19:25:30.752 [info] > git for-each-ref --sort -committerdate --format %(refname)%00%(objectname)%00%(*objectname) [2ms]
2026-04-20 19:25:30.800 [info] > git status -z -uall [60ms]
2026-04-20 19:25:35.375 [info] > git check-ignore -v -z --stdin [2ms]
2026-04-20 19:25:41.340 [info] > git config --get commit.template [12ms]
2026-04-20 19:25:41.341 [info] > git for-each-ref --format=%(refname)%00%(upstream:short)%00%(objectname)%00%(upstream:track)%00%(upstream:remotename)%00%(upstream:remoteref) refs/heads/main refs/remotes/main [2ms]
2026-04-20 19:25:41.364 [info] > git for-each-ref --sort -committerdate --format %(refname)%00%(objectname)%00%(*objectname) [3ms]
2026-04-20 19:25:41.407 [info] > git status -z -uall [55ms]
2026-04-20 19:25:45.380 [info] > git check-ignore -v -z --stdin [6ms]
2026-04-20 19:25:48.836 [info] > git config --get commit.template [13ms]
2026-04-20 19:25:48.837 [info] > git for-each-ref --format=%(refname)%00%(upstream:short)%00%(objectname)%00%(upstream:track)%00%(upstream:remotename)%00%(upstream:remoteref) refs/heads/main refs/remotes/main [2ms]
2026-04-20 19:25:48.859 [info] > git for-each-ref --sort -committerdate --format %(refname)%00%(objectname)%00%(*objectname) [2ms]
2026-04-20 19:25:48.904 [info] > git status -z -uall [57ms]
2026-04-20 19:25:52.562 [info] > git check-ignore -v -z --stdin [3ms]
2026-04-20 19:37:56.418 [info] > git config --get commit.template [3ms]
2026-04-20 19:37:56.431 [info] > git for-each-ref --format=%(refname)%00%(upstream:short)%00%(objectname)%00%(upstream:track)%00%(upstream:remotename)%00%(upstream:remoteref) refs/heads/main refs/remotes/main [2ms]
2026-04-20 19:37:56.454 [info] > git for-each-ref --sort -committerdate --format %(refname)%00%(objectname)%00%(*objectname) [3ms]
2026-04-20 19:37:56.498 [info] > git status -z -uall [57ms]
2026-04-20 19:38:00.187 [info] > git check-ignore -v -z --stdin [10ms]
2026-04-20 19:38:00.734 [info] > git check-ignore -v -z --stdin [3ms]
2026-04-20 19:38:09.150 [info] > git config --get commit.template [12ms]
2026-04-20 19:38:09.151 [info] > git for-each-ref --format=%(refname)%00%(upstream:short)%00%(objectname)%00%(upstream:track)%00%(upstream:remotename)%00%(upstream:remoteref) refs/heads/main refs/remotes/main [2ms]
2026-04-20 19:38:09.174 [info] > git for-each-ref --sort -committerdate --format %(refname)%00%(objectname)%00%(*objectname) [3ms]
2026-04-20 19:38:09.225 [info] > git status -z -uall [63ms]
2026-04-20 19:38:12.946 [info] > git check-ignore -v -z --stdin [2ms]
2026-04-20 19:38:14.316 [info] > git config --get commit.template [11ms]
2026-04-20 19:38:14.317 [info] > git for-each-ref --format=%(refname)%00%(upstream:short)%00%(objectname)%00%(upstream:track)%00%(upstream:remotename)%00%(upstream:remoteref) refs/heads/main refs/remotes/main [2ms]
2026-04-20 19:38:14.341 [info] > git for-each-ref --sort -committerdate --format %(refname)%00%(objectname)%00%(*objectname) [3ms]
2026-04-20 19:38:14.384 [info] > git status -z -uall [56ms]
2026-04-20 19:38:19.402 [info] > git check-ignore -v -z --stdin [7ms]
2026-04-20 19:38:21.363 [info] > git config --get commit.template [11ms]
2026-04-20 19:38:21.365 [info] > git for-each-ref --format=%(refname)%00%(upstream:short)%00%(objectname)%00%(upstream:track)%00%(upstream:remotename)%00%(upstream:remoteref) refs/heads/main refs/remotes/main [3ms]
2026-04-20 19:38:21.386 [info] > git for-each-ref --sort -committerdate --format %(refname)%00%(objectname)%00%(*objectname) [3ms]
2026-04-20 19:38:21.427 [info] > git status -z -uall [53ms]
2026-04-20 19:38:25.197 [info] > git check-ignore -v -z --stdin [2ms]
2026-04-20 19:38:30.484 [info] > git config --get commit.template [12ms]
2026-04-20 19:38:30.485 [info] > git for-each-ref --format=%(refname)%00%(upstream:short)%00%(objectname)%00%(upstream:track)%00%(upstream:remotename)%00%(upstream:remoteref) refs/heads/main refs/remotes/main [2ms]
2026-04-20 19:38:30.508 [info] > git for-each-ref --sort -committerdate --format %(refname)%00%(objectname)%00%(*objectname) [3ms]
2026-04-20 19:38:30.552 [info] > git status -z -uall [57ms]
2026-04-20 19:38:34.658 [info] > git check-ignore -v -z --stdin [2ms]
2026-04-20 19:38:35.633 [info] > git config --get commit.template [10ms]
2026-04-20 19:38:35.635 [info] > git for-each-ref --format=%(refname)%00%(upstream:short)%00%(objectname)%00%(upstream:track)%00%(upstream:remotename)%00%(upstream:remoteref) refs/heads/main refs/remotes/main [3ms]
2026-04-20 19:38:35.657 [info] > git for-each-ref --sort -committerdate --format %(refname)%00%(objectname)%00%(*objectname) [3ms]
2026-04-20 19:38:35.698 [info] > git status -z -uall [53ms]
2026-04-20 19:38:39.399 [info] > git check-ignore -v -z --stdin [11ms]
2026-04-20 19:38:41.249 [info] > git config --get commit.template [11ms]
2026-04-20 19:38:41.251 [info] > git for-each-ref --format=%(refname)%00%(upstream:short)%00%(objectname)%00%(upstream:track)%00%(upstream:remotename)%00%(upstream:remoteref) refs/heads/main refs/remotes/main [3ms]
2026-04-20 19:38:41.273 [info] > git for-each-ref --sort -committerdate --format %(refname)%00%(objectname)%00%(*objectname) [3ms]
2026-04-20 19:38:41.319 [info] > git status -z -uall [58ms]
2026-04-20 19:38:45.049 [info] > git check-ignore -v -z --stdin [6ms]
2026-04-20 19:38:45.740 [info] > git check-ignore -v -z --stdin [2ms]
2026-04-20 19:38:48.324 [info] > git check-ignore -v -z --stdin [2ms]
2026-04-20 19:38:48.903 [info] > git check-ignore -v -z --stdin [2ms]
2026-04-20 19:39:10.476 [info] > git config --get commit.template [2ms]
2026-04-20 19:39:10.488 [info] > git for-each-ref --format=%(refname)%00%(upstream:short)%00%(objectname)%00%(upstream:track)%00%(upstream:remotename)%00%(upstream:remoteref) refs/heads/main refs/remotes/main [3ms]
2026-04-20 19:39:10.512 [info] > git for-each-ref --sort -committerdate --format %(refname)%00%(objectname)%00%(*objectname) [4ms]
2026-04-20 19:39:10.556 [info] > git status -z -uall [57ms]
2026-04-20 19:39:15.870 [info] > git check-ignore -v -z --stdin [2ms]
2026-04-20 19:50:26.530 [info] > git config --get commit.template [21ms]
2026-04-20 19:50:26.531 [info] > git for-each-ref --format=%(refname)%00%(upstream:short)%00%(objectname)%00%(upstream:track)%00%(upstream:remotename)%00%(upstream:remoteref) refs/heads/main refs/remotes/main [3ms]
2026-04-20 19:50:26.571 [info] > git for-each-ref --sort -committerdate --format %(refname)%00%(objectname)%00%(*objectname) [3ms]
2026-04-20 19:50:26.614 [info] > git status -z -uall [64ms]
2026-04-20 19:50:31.249 [info] > git check-ignore -v -z --stdin [1ms]
2026-04-20 19:50:31.741 [info] > git config --get commit.template [19ms]
2026-04-20 19:50:31.742 [info] > git for-each-ref --format=%(refname)%00%(upstream:short)%00%(objectname)%00%(upstream:track)%00%(upstream:remotename)%00%(upstream:remoteref) refs/heads/main refs/remotes/main [2ms]
2026-04-20 19:50:31.782 [info] > git for-each-ref --sort -committerdate --format %(refname)%00%(objectname)%00%(*objectname) [3ms]
2026-04-20 19:50:31.815 [info] > git status -z -uall [54ms]
2026-04-20 19:50:35.778 [info] > git check-ignore -v -z --stdin [6ms]
2026-04-20 19:50:36.909 [info] > git config --get commit.template [13ms]
2026-04-20 19:50:36.910 [info] > git for-each-ref --format=%(refname)%00%(upstream:short)%00%(objectname)%00%(upstream:track)%00%(upstream:remotename)%00%(upstream:remoteref) refs/heads/main refs/remotes/main [2ms]
2026-04-20 19:50:36.936 [info] > git for-each-ref --sort -committerdate --format %(refname)%00%(objectname)%00%(*objectname) [2ms]
2026-04-20 19:50:36.981 [info] > git status -z -uall [58ms]
2026-04-20 19:50:40.820 [info] > git check-ignore -v -z --stdin [2ms]
2026-04-20 19:50:42.079 [info] > git config --get commit.template [14ms]
2026-04-20 19:50:42.081 [info] > git for-each-ref --format=%(refname)%00%(upstream:short)%00%(objectname)%00%(upstream:track)%00%(upstream:remotename)%00%(upstream:remoteref) refs/heads/main refs/remotes/main [3ms]
2026-04-20 19:50:42.110 [info] > git for-each-ref --sort -committerdate --format %(refname)%00%(objectname)%00%(*objectname) [2ms]
2026-04-20 19:50:42.152 [info] > git status -z -uall [58ms]
2026-04-20 19:50:45.966 [info] > git check-ignore -v -z --stdin [6ms]
2026-04-20 19:50:47.226 [info] > git config --get commit.template [2ms]
2026-04-20 19:50:47.239 [info] > git for-each-ref --format=%(refname)%00%(upstream:short)%00%(objectname)%00%(upstream:track)%00%(upstream:remotename)%00%(upstream:remoteref) refs/heads/main refs/remotes/main [3ms]
2026-04-20 19:50:47.264 [info] > git for-each-ref --sort -committerdate --format %(refname)%00%(objectname)%00%(*objectname) [3ms]
2026-04-20 19:50:47.305 [info] > git status -z -uall [54ms]
2026-04-20 19:50:51.175 [info] > git check-ignore -v -z --stdin [2ms]
2026-04-20 19:50:52.396 [info] > git config --get commit.template [13ms]
2026-04-20 19:50:52.398 [info] > git for-each-ref --format=%(refname)%00%(upstream:short)%00%(objectname)%00%(upstream:track)%00%(upstream:remotename)%00%(upstream:remoteref) refs/heads/main refs/remotes/main [3ms]
2026-04-20 19:50:52.421 [info] > git for-each-ref --sort -committerdate --format %(refname)%00%(objectname)%00%(*objectname) [2ms]
2026-04-20 19:50:52.463 [info] > git status -z -uall [55ms]
2026-04-20 19:50:56.243 [info] > git check-ignore -v -z --stdin [2ms]
2026-04-20 19:51:10.713 [info] > git config --get commit.template [12ms]
2026-04-20 19:51:10.714 [info] > git for-each-ref --format=%(refname)%00%(upstream:short)%00%(objectname)%00%(upstream:track)%00%(upstream:remotename)%00%(upstream:remoteref) refs/heads/main refs/remotes/main [3ms]
2026-04-20 19:51:10.741 [info] > git for-each-ref --sort -committerdate --format %(refname)%00%(objectname)%00%(*objectname) [3ms]
2026-04-20 19:51:10.785 [info] > git status -z -uall [59ms]
2026-04-20 19:51:17.641 [info] > git config --get commit.template [12ms]
2026-04-20 19:51:17.642 [info] > git for-each-ref --format=%(refname)%00%(upstream:short)%00%(objectname)%00%(upstream:track)%00%(upstream:remotename)%00%(upstream:remoteref) refs/heads/main refs/remotes/main [2ms]
2026-04-20 19:51:17.666 [info] > git for-each-ref --sort -committerdate --format %(refname)%00%(objectname)%00%(*objectname) [3ms]
2026-04-20 19:51:17.710 [info] > git status -z -uall [57ms]
2026-04-20 19:54:32.275 [info] > git config --get commit.template [2ms]
2026-04-20 19:54:32.288 [info] > git for-each-ref --format=%(refname)%00%(upstream:short)%00%(objectname)%00%(upstream:track)%00%(upstream:remotename)%00%(upstream:remoteref) refs/heads/main refs/remotes/main [2ms]
2026-04-20 19:54:32.315 [info] > git for-each-ref --sort -committerdate --format %(refname)%00%(objectname)%00%(*objectname) [3ms]
2026-04-20 19:54:32.358 [info] > git status -z -uall [58ms]
2026-04-20 19:54:37.492 [info] > git config --get commit.template [17ms]
2026-04-20 19:54:37.493 [info] > git for-each-ref --format=%(refname)%00%(upstream:short)%00%(objectname)%00%(upstream:track)%00%(upstream:remotename)%00%(upstream:remoteref) refs/heads/main refs/remotes/main [3ms]
2026-04-20 19:54:37.530 [info] > git for-each-ref --sort -committerdate --format %(refname)%00%(objectname)%00%(*objectname) [6ms]
2026-04-20 19:54:37.578 [info] > git status -z -uall [70ms]
2026-04-20 19:59:11.649 [info] > git config --get commit.template [13ms]
2026-04-20 19:59:11.650 [info] > git for-each-ref --format=%(refname)%00%(upstream:short)%00%(objectname)%00%(upstream:track)%00%(upstream:remotename)%00%(upstream:remoteref) refs/heads/main refs/remotes/main [2ms]
2026-04-20 19:59:11.677 [info] > git for-each-ref --sort -committerdate --format %(refname)%00%(objectname)%00%(*objectname) [3ms]
2026-04-20 19:59:11.721 [info] > git status -z -uall [58ms]
2026-04-20 19:59:15.452 [info] > git check-ignore -v -z --stdin [2ms]
2026-04-20 19:59:15.583 [info] > git show --textconv :main.py [13ms]
2026-04-20 19:59:15.584 [info] > git ls-files --stage -- main.py [2ms]
2026-04-20 19:59:15.596 [info] > git cat-file -s 6947bd61620856a32d493f597e57b1737df0b740 [2ms]
2026-04-20 19:59:15.966 [info] > git check-ignore -v -z --stdin [2ms]
2026-04-20 19:59:16.845 [info] > git config --get commit.template [12ms]
2026-04-20 19:59:16.846 [info] > git for-each-ref --format=%(refname)%00%(upstream:short)%00%(objectname)%00%(upstream:track)%00%(upstream:remotename)%00%(upstream:remoteref) refs/heads/main refs/remotes/main [3ms]
2026-04-20 19:59:16.870 [info] > git for-each-ref --sort -committerdate --format %(refname)%00%(objectname)%00%(*objectname) [3ms]
2026-04-20 19:59:16.920 [info] > git status -z -uall [63ms]
2026-04-20 19:59:20.666 [info] > git check-ignore -v -z --stdin [3ms]
2026-04-20 19:59:22.009 [info] > git config --get commit.template [12ms]
2026-04-20 19:59:22.010 [info] > git for-each-ref --format=%(refname)%00%(upstream:short)%00%(objectname)%00%(upstream:track)%00%(upstream:remotename)%00%(upstream:remoteref) refs/heads/main refs/remotes/main [2ms]
2026-04-20 19:59:22.035 [info] > git for-each-ref --sort -committerdate --format %(refname)%00%(objectname)%00%(*objectname) [3ms]
2026-04-20 19:59:22.081 [info] > git status -z -uall [60ms]
2026-04-20 19:59:25.900 [info] > git check-ignore -v -z --stdin [7ms]
2026-04-20 19:59:27.163 [info] > git config --get commit.template [12ms]
2026-04-20 19:59:27.165 [info] > git for-each-ref --format=%(refname)%00%(upstream:short)%00%(objectname)%00%(upstream:track)%00%(upstream:remotename)%00%(upstream:remoteref) refs/heads/main refs/remotes/main [3ms]
2026-04-20 19:59:27.191 [info] > git for-each-ref --sort -committerdate --format %(refname)%00%(objectname)%00%(*objectname) [3ms]
2026-04-20 19:59:27.230 [info] > git status -z -uall [53ms]
2026-04-20 19:59:32.182 [info] > git check-ignore -v -z --stdin [2ms]
2026-04-20 19:59:32.317 [info] > git config --get commit.template [12ms]
2026-04-20 19:59:32.318 [info] > git for-each-ref --format=%(refname)%00%(upstream:short)%00%(objectname)%00%(upstream:track)%00%(upstream:remotename)%00%(upstream:remoteref) refs/heads/main refs/remotes/main [2ms]
2026-04-20 19:59:32.343 [info] > git for-each-ref --sort -committerdate --format %(refname)%00%(objectname)%00%(*objectname) [3ms]
2026-04-20 19:59:32.384 [info] > git status -z -uall [54ms]
2026-04-20 19:59:36.178 [info] > git check-ignore -v -z --stdin [2ms]
2026-04-20 19:59:37.469 [info] > git config --get commit.template [13ms]
2026-04-20 19:59:37.471 [info] > git for-each-ref --format=%(refname)%00%(upstream:short)%00%(objectname)%00%(upstream:track)%00%(upstream:remotename)%00%(upstream:remoteref) refs/heads/main refs/remotes/main [3ms]
2026-04-20 19:59:37.497 [info] > git for-each-ref --sort -committerdate --format %(refname)%00%(objectname)%00%(*objectname) [3ms]
2026-04-20 19:59:37.539 [info] > git status -z -uall [55ms]
2026-04-20 19:59:41.359 [info] > git check-ignore -v -z --stdin [7ms]
2026-04-20 19:59:42.625 [info] > git config --get commit.template [11ms]
2026-04-20 19:59:42.627 [info] > git for-each-ref --format=%(refname)%00%(upstream:short)%00%(objectname)%00%(upstream:track)%00%(upstream:remotename)%00%(upstream:remoteref) refs/heads/main refs/remotes/main [3ms]
2026-04-20 19:59:42.652 [info] > git for-each-ref --sort -committerdate --format %(refname)%00%(objectname)%00%(*objectname) [3ms]
2026-04-20 19:59:42.692 [info] > git status -z -uall [54ms]
2026-04-20 19:59:46.566 [info] > git check-ignore -v -z --stdin [2ms]
2026-04-20 19:59:47.779 [info] > git config --get commit.template [12ms]
2026-04-20 19:59:47.781 [info] > git for-each-ref --format=%(refname)%00%(upstream:short)%00%(objectname)%00%(upstream:track)%00%(upstream:remotename)%00%(upstream:remoteref) refs/heads/main refs/remotes/main [3ms]
2026-04-20 19:59:47.805 [info] > git for-each-ref --sort -committerdate --format %(refname)%00%(objectname)%00%(*objectname) [3ms]
2026-04-20 19:59:47.849 [info] > git status -z -uall [57ms]
2026-04-20 19:59:51.700 [info] > git check-ignore -v -z --stdin [3ms]
2026-04-20 19:59:52.934 [info] > git config --get commit.template [12ms]
2026-04-20 19:59:52.935 [info] > git for-each-ref --format=%(refname)%00%(upstream:short)%00%(objectname)%00%(upstream:track)%00%(upstream:remotename)%00%(upstream:remoteref) refs/heads/main refs/remotes/main [2ms]
2026-04-20 19:59:52.960 [info] > git for-each-ref --sort -committerdate --format %(refname)%00%(objectname)%00%(*objectname) [3ms]
2026-04-20 19:59:53.001 [info] > git status -z -uall [54ms]
2026-04-20 19:59:56.844 [info] > git check-ignore -v -z --stdin [7ms]
2026-04-20 19:59:58.083 [info] > git config --get commit.template [12ms]
2026-04-20 19:59:58.085 [info] > git for-each-ref --format=%(refname)%00%(upstream:short)%00%(objectname)%00%(upstream:track)%00%(upstream:remotename)%00%(upstream:remoteref) refs/heads/main refs/remotes/main [3ms]
2026-04-20 19:59:58.110 [info] > git for-each-ref --sort -committerdate --format %(refname)%00%(objectname)%00%(*objectname) [3ms]
2026-04-20 19:59:58.151 [info] > git status -z -uall [54ms]
2026-04-20 20:00:02.004 [info] > git check-ignore -v -z --stdin [1ms]
2026-04-20 20:00:03.239 [info] > git config --get commit.template [14ms]
2026-04-20 20:00:03.241 [info] > git for-each-ref --format=%(refname)%00%(upstream:short)%00%(objectname)%00%(upstream:track)%00%(upstream:remotename)%00%(upstream:remoteref) refs/heads/main refs/remotes/main [3ms]
2026-04-20 20:00:03.272 [info] > git for-each-ref --sort -committerdate --format %(refname)%00%(objectname)%00%(*objectname) [3ms]
2026-04-20 20:00:03.320 [info] > git status -z -uall [63ms]
2026-04-20 20:00:07.253 [info] > git check-ignore -v -z --stdin [2ms]
2026-04-20 20:00:08.407 [info] > git config --get commit.template [7ms]
2026-04-20 20:00:08.420 [info] > git for-each-ref --format=%(refname)%00%(upstream:short)%00%(objectname)%00%(upstream:track)%00%(upstream:remotename)%00%(upstream:remoteref) refs/heads/main refs/remotes/main [3ms]
2026-04-20 20:00:08.445 [info] > git for-each-ref --sort -committerdate --format %(refname)%00%(objectname)%00%(*objectname) [2ms]
2026-04-20 20:00:08.486 [info] > git status -z -uall [55ms]
2026-04-20 20:00:12.356 [info] > git check-ignore -v -z --stdin [2ms]
2026-04-20 20:00:13.577 [info] > git config --get commit.template [13ms]
2026-04-20 20:00:13.578 [info] > git for-each-ref --format=%(refname)%00%(upstream:short)%00%(objectname)%00%(upstream:track)%00%(upstream:remotename)%00%(upstream:remoteref) refs/heads/main refs/remotes/main [2ms]
2026-04-20 20:00:13.604 [info] > git for-each-ref --sort -committerdate --format %(refname)%00%(objectname)%00%(*objectname) [2ms]
2026-04-20 20:00:13.645 [info] > git status -z -uall [54ms]
2026-04-20 20:00:17.498 [info] > git check-ignore -v -z --stdin [2ms]
2026-04-20 20:00:18.732 [info] > git config --get commit.template [12ms]
2026-04-20 20:00:18.733 [info] > git for-each-ref --format=%(refname)%00%(upstream:short)%00%(objectname)%00%(upstream:track)%00%(upstream:remotename)%00%(upstream:remoteref) refs/heads/main refs/remotes/main [2ms]
2026-04-20 20:00:18.759 [info] > git for-each-ref --sort -committerdate --format %(refname)%00%(objectname)%00%(*objectname) [3ms]
2026-04-20 20:00:18.800 [info] > git status -z -uall [54ms]
2026-04-20 20:00:22.618 [info] > git check-ignore -v -z --stdin [7ms]
2026-04-20 20:00:23.883 [info] > git config --get commit.template [12ms]
2026-04-20 20:00:23.884 [info] > git for-each-ref --format=%(refname)%00%(upstream:short)%00%(objectname)%00%(upstream:track)%00%(upstream:remotename)%00%(upstream:remoteref) refs/heads/main refs/remotes/main [2ms]
2026-04-20 20:00:23.910 [info] > git for-each-ref --sort -committerdate --format %(refname)%00%(objectname)%00%(*objectname) [3ms]
2026-04-20 20:00:23.952 [info] > git status -z -uall [55ms]
2026-04-20 20:00:27.758 [info] > git check-ignore -v -z --stdin [2ms]
2026-04-20 20:00:29.042 [info] > git config --get commit.template [12ms]
2026-04-20 20:00:29.044 [info] > git for-each-ref --format=%(refname)%00%(upstream:short)%00%(objectname)%00%(upstream:track)%00%(upstream:remotename)%00%(upstream:remoteref) refs/heads/main refs/remotes/main [2ms]
2026-04-20 20:00:29.070 [info] > git for-each-ref --sort -committerdate --format %(refname)%00%(objectname)%00%(*objectname) [3ms]
2026-04-20 20:00:29.114 [info] > git status -z -uall [58ms]
2026-04-20 20:00:32.968 [info] > git check-ignore -v -z --stdin [3ms]
2026-04-20 20:00:34.203 [info] > git config --get commit.template [15ms]
2026-04-20 20:00:34.205 [info] > git for-each-ref --format=%(refname)%00%(upstream:short)%00%(objectname)%00%(upstream:track)%00%(upstream:remotename)%00%(upstream:remoteref) refs/heads/main refs/remotes/main [3ms]
2026-04-20 20:00:34.232 [info] > git for-each-ref --sort -committerdate --format %(refname)%00%(objectname)%00%(*objectname) [3ms]
2026-04-20 20:00:34.276 [info] > git status -z -uall [58ms]
2026-04-20 20:00:38.102 [info] > git check-ignore -v -z --stdin [2ms]
2026-04-20 20:00:39.360 [info] > git config --get commit.template [12ms]
2026-04-20 20:00:39.361 [info] > git for-each-ref --format=%(refname)%00%(upstream:short)%00%(objectname)%00%(upstream:track)%00%(upstream:remotename)%00%(upstream:remoteref) refs/heads/main refs/remotes/main [2ms]
2026-04-20 20:00:39.386 [info] > git for-each-ref --sort -committerdate --format %(refname)%00%(objectname)%00%(*objectname) [2ms]
2026-04-20 20:00:39.429 [info] > git status -z -uall [56ms]
2026-04-20 20:00:43.284 [info] > git check-ignore -v -z --stdin [8ms]
2026-04-20 20:00:44.516 [info] > git config --get commit.template [13ms]
2026-04-20 20:00:44.517 [info] > git for-each-ref --format=%(refname)%00%(upstream:short)%00%(objectname)%00%(upstream:track)%00%(upstream:remotename)%00%(upstream:remoteref) refs/heads/main refs/remotes/main [2ms]
2026-04-20 20:00:44.546 [info] > git for-each-ref --sort -committerdate --format %(refname)%00%(objectname)%00%(*objectname) [2ms]
2026-04-20 20:00:44.592 [info] > git status -z -uall [62ms]
2026-04-20 20:00:48.427 [info] > git check-ignore -v -z --stdin [2ms]
2026-04-20 20:00:49.683 [info] > git config --get commit.template [13ms]
2026-04-20 20:00:49.685 [info] > git for-each-ref --format=%(refname)%00%(upstream:short)%00%(objectname)%00%(upstream:track)%00%(upstream:remotename)%00%(upstream:remoteref) refs/heads/main refs/remotes/main [3ms]
2026-04-20 20:00:49.711 [info] > git for-each-ref --sort -committerdate --format %(refname)%00%(objectname)%00%(*objectname) [2ms]
2026-04-20 20:00:49.751 [info] > git status -z -uall [54ms]
2026-04-20 20:00:53.694 [info] > git check-ignore -v -z --stdin [6ms]
2026-04-20 20:00:54.834 [info] > git config --get commit.template [12ms]
2026-04-20 20:00:54.836 [info] > git for-each-ref --format=%(refname)%00%(upstream:short)%00%(objectname)%00%(upstream:track)%00%(upstream:remotename)%00%(upstream:remoteref) refs/heads/main refs/remotes/main [3ms]
2026-04-20 20:00:54.861 [info] > git for-each-ref --sort -committerdate --format %(refname)%00%(objectname)%00%(*objectname) [3ms]
2026-04-20 20:00:54.901 [info] > git status -z -uall [54ms]
2026-04-20 20:00:58.741 [info] > git check-ignore -v -z --stdin [2ms]
2026-04-20 20:00:59.990 [info] > git config --get commit.template [13ms]
2026-04-20 20:00:59.991 [info] > git for-each-ref --format=%(refname)%00%(upstream:short)%00%(objectname)%00%(upstream:track)%00%(upstream:remotename)%00%(upstream:remoteref) refs/heads/main refs/remotes/main [2ms]
2026-04-20 20:01:00.018 [info] > git for-each-ref --sort -committerdate --format %(refname)%00%(objectname)%00%(*objectname) [3ms]
2026-04-20 20:01:00.058 [info] > git status -z -uall [54ms]
2026-04-20 20:01:03.920 [info] > git check-ignore -v -z --stdin [1ms]
2026-04-20 20:01:05.146 [info] > git config --get commit.template [12ms]
2026-04-20 20:01:05.148 [info] > git for-each-ref --format=%(refname)%00%(upstream:short)%00%(objectname)%00%(upstream:track)%00%(upstream:remotename)%00%(upstream:remoteref) refs/heads/main refs/remotes/main [3ms]
2026-04-20 20:01:05.173 [info] > git for-each-ref --sort -committerdate --format %(refname)%00%(objectname)%00%(*objectname) [3ms]
2026-04-20 20:01:05.215 [info] > git status -z -uall [56ms]
2026-04-20 20:01:09.051 [info] > git check-ignore -v -z --stdin [6ms]
2026-04-20 20:01:10.305 [info] > git config --get commit.template [12ms]
2026-04-20 20:01:10.306 [info] > git for-each-ref --format=%(refname)%00%(upstream:short)%00%(objectname)%00%(upstream:track)%00%(upstream:remotename)%00%(upstream:remoteref) refs/heads/main refs/remotes/main [3ms]
2026-04-20 20:01:10.333 [info] > git for-each-ref --sort -committerdate --format %(refname)%00%(objectname)%00%(*objectname) [3ms]
2026-04-20 20:01:10.375 [info] > git status -z -uall [56ms]
2026-04-20 20:01:14.256 [info] > git check-ignore -v -z --stdin [2ms]
2026-04-20 20:01:15.467 [info] > git config --get commit.template [13ms]
2026-04-20 20:01:15.469 [info] > git for-each-ref --format=%(refname)%00%(upstream:short)%00%(objectname)%00%(upstream:track)%00%(upstream:remotename)%00%(upstream:remoteref) refs/heads/main refs/remotes/main [2ms]
2026-04-20 20:01:15.498 [info] > git for-each-ref --sort -committerdate --format %(refname)%00%(objectname)%00%(*objectname) [4ms]
2026-04-20 20:01:15.542 [info] > git status -z -uall [60ms]
2026-04-20 20:01:19.381 [info] > git check-ignore -v -z --stdin [2ms]
2026-04-20 20:01:20.633 [info] > git config --get commit.template [17ms]
2026-04-20 20:01:20.635 [info] > git for-each-ref --format=%(refname)%00%(upstream:short)%00%(objectname)%00%(upstream:track)%00%(upstream:remotename)%00%(upstream:remoteref) refs/heads/main refs/remotes/main [3ms]
2026-04-20 20:01:20.674 [info] > git for-each-ref --sort -committerdate --format %(refname)%00%(objectname)%00%(*objectname) [3ms]
2026-04-20 20:01:20.730 [info] > git status -z -uall [79ms]
2026-04-20 20:01:24.577 [info] > git check-ignore -v -z --stdin [2ms]
2026-04-20 20:01:25.814 [info] > git config --get commit.template [13ms]
2026-04-20 20:01:25.816 [info] > git for-each-ref --format=%(refname)%00%(upstream:short)%00%(objectname)%00%(upstream:track)%00%(upstream:remotename)%00%(upstream:remoteref) refs/heads/main refs/remotes/main [3ms]
2026-04-20 20:01:25.842 [info] > git for-each-ref --sort -committerdate --format %(refname)%00%(objectname)%00%(*objectname) [3ms]
2026-04-20 20:01:25.888 [info] > git status -z -uall [59ms]
2026-04-20 20:01:29.748 [info] > git check-ignore -v -z --stdin [7ms]
2026-04-20 20:01:30.973 [info] > git config --get commit.template [13ms]
2026-04-20 20:01:30.974 [info] > git for-each-ref --format=%(refname)%00%(upstream:short)%00%(objectname)%00%(upstream:track)%00%(upstream:remotename)%00%(upstream:remoteref) refs/heads/main refs/remotes/main [2ms]
2026-04-20 20:01:31.000 [info] > git for-each-ref --sort -committerdate --format %(refname)%00%(objectname)%00%(*objectname) [3ms]
2026-04-20 20:01:31.040 [info] > git status -z -uall [54ms]
2026-04-20 20:01:34.884 [info] > git check-ignore -v -z --stdin [2ms]
2026-04-20 20:01:36.132 [info] > git config --get commit.template [12ms]
2026-04-20 20:01:36.133 [info] > git for-each-ref --format=%(refname)%00%(upstream:short)%00%(objectname)%00%(upstream:track)%00%(upstream:remotename)%00%(upstream:remoteref) refs/heads/main refs/remotes/main [2ms]
2026-04-20 20:01:36.158 [info] > git for-each-ref --sort -committerdate --format %(refname)%00%(objectname)%00%(*objectname) [3ms]
2026-04-20 20:01:36.199 [info] > git status -z -uall [54ms]
2026-04-20 20:01:40.279 [info] > git check-ignore -v -z --stdin [2ms]
2026-04-20 20:01:41.291 [info] > git config --get commit.template [12ms]
2026-04-20 20:01:41.293 [info] > git for-each-ref --format=%(refname)%00%(upstream:short)%00%(objectname)%00%(upstream:track)%00%(upstream:remotename)%00%(upstream:remoteref) refs/heads/main refs/remotes/main [3ms]
2026-04-20 20:01:41.320 [info] > git for-each-ref --sort -committerdate --format %(refname)%00%(objectname)%00%(*objectname) [3ms]
2026-04-20 20:01:41.359 [info] > git status -z -uall [54ms]
2026-04-20 20:01:45.665 [info] > git check-ignore -v -z --stdin [7ms]
2026-04-20 20:01:46.445 [info] > git config --get commit.template [14ms]
2026-04-20 20:01:46.447 [info] > git for-each-ref --format=%(refname)%00%(upstream:short)%00%(objectname)%00%(upstream:track)%00%(upstream:remotename)%00%(upstream:remoteref) refs/heads/main refs/remotes/main [3ms]
2026-04-20 20:01:46.473 [info] > git for-each-ref --sort -committerdate --format %(refname)%00%(objectname)%00%(*objectname) [3ms]
2026-04-20 20:01:46.513 [info] > git status -z -uall [54ms]
2026-04-20 20:01:50.340 [info] > git check-ignore -v -z --stdin [2ms]
2026-04-20 20:01:51.597 [info] > git config --get commit.template [12ms]
2026-04-20 20:01:51.599 [info] > git for-each-ref --format=%(refname)%00%(upstream:short)%00%(objectname)%00%(upstream:track)%00%(upstream:remotename)%00%(upstream:remoteref) refs/heads/main refs/remotes/main [3ms]
2026-04-20 20:01:51.626 [info] > git for-each-ref --sort -committerdate --format %(refname)%00%(objectname)%00%(*objectname) [3ms]
2026-04-20 20:01:51.665 [info] > git status -z -uall [55ms]
2026-04-20 20:01:55.756 [info] > git check-ignore -v -z --stdin [2ms]
2026-04-20 20:01:56.751 [info] > git config --get commit.template [13ms]
2026-04-20 20:01:56.752 [info] > git for-each-ref --format=%(refname)%00%(upstream:short)%00%(objectname)%00%(upstream:track)%00%(upstream:remotename)%00%(upstream:remoteref) refs/heads/main refs/remotes/main [2ms]
2026-04-20 20:01:56.778 [info] > git for-each-ref --sort -committerdate --format %(refname)%00%(objectname)%00%(*objectname) [2ms]
2026-04-20 20:01:56.818 [info] > git status -z -uall [54ms]
2026-04-20 20:02:00.647 [info] > git check-ignore -v -z --stdin [7ms]
2026-04-20 20:02:01.897 [info] > git config --get commit.template [11ms]
2026-04-20 20:02:01.898 [info] > git for-each-ref --format=%(refname)%00%(upstream:short)%00%(objectname)%00%(upstream:track)%00%(upstream:remotename)%00%(upstream:remoteref) refs/heads/main refs/remotes/main [2ms]
2026-04-20 20:02:01.924 [info] > git for-each-ref --sort -committerdate --format %(refname)%00%(objectname)%00%(*objectname) [3ms]
2026-04-20 20:02:01.965 [info] > git status -z -uall [54ms]
2026-04-20 20:02:05.799 [info] > git check-ignore -v -z --stdin [10ms]
2026-04-20 20:02:07.052 [info] > git config --get commit.template [12ms]
2026-04-20 20:02:07.054 [info] > git for-each-ref --format=%(refname)%00%(upstream:short)%00%(objectname)%00%(upstream:track)%00%(upstream:remotename)%00%(upstream:remoteref) refs/heads/main refs/remotes/main [3ms]
2026-04-20 20:02:07.079 [info] > git for-each-ref --sort -committerdate --format %(refname)%00%(objectname)%00%(*objectname) [3ms]
2026-04-20 20:02:07.127 [info] > git status -z -uall [62ms]
2026-04-20 20:02:10.971 [info] > git check-ignore -v -z --stdin [2ms]
2026-04-20 20:02:12.220 [info] > git config --get commit.template [12ms]
2026-04-20 20:02:12.222 [info] > git for-each-ref --format=%(refname)%00%(upstream:short)%00%(objectname)%00%(upstream:track)%00%(upstream:remotename)%00%(upstream:remoteref) refs/heads/main refs/remotes/main [3ms]
2026-04-20 20:02:12.248 [info] > git for-each-ref --sort -committerdate --format %(refname)%00%(objectname)%00%(*objectname) [2ms]
2026-04-20 20:02:12.289 [info] > git status -z -uall [55ms]
2026-04-20 20:02:16.132 [info] > git check-ignore -v -z --stdin [6ms]
2026-04-20 20:02:17.374 [info] > git config --get commit.template [12ms]
2026-04-20 20:02:17.376 [info] > git for-each-ref --format=%(refname)%00%(upstream:short)%00%(objectname)%00%(upstream:track)%00%(upstream:remotename)%00%(upstream:remoteref) refs/heads/main refs/remotes/main [3ms]
2026-04-20 20:02:17.402 [info] > git for-each-ref --sort -committerdate --format %(refname)%00%(objectname)%00%(*objectname) [3ms]
2026-04-20 20:02:17.441 [info] > git status -z -uall [53ms]
2026-04-20 20:02:21.186 [info] > git check-ignore -v -z --stdin [3ms]
2026-04-20 20:02:22.529 [info] > git config --get commit.template [12ms]
2026-04-20 20:02:22.530 [info] > git for-each-ref --format=%(refname)%00%(upstream:short)%00%(objectname)%00%(upstream:track)%00%(upstream:remotename)%00%(upstream:remoteref) refs/heads/main refs/remotes/main [2ms]
2026-04-20 20:02:22.555 [info] > git for-each-ref --sort -committerdate --format %(refname)%00%(objectname)%00%(*objectname) [3ms]
2026-04-20 20:02:22.601 [info] > git status -z -uall [58ms]
2026-04-20 20:02:26.450 [info] > git check-ignore -v -z --stdin [2ms]
2026-04-20 20:02:27.686 [info] > git config --get commit.template [13ms]
2026-04-20 20:02:27.688 [info] > git for-each-ref --format=%(refname)%00%(upstream:short)%00%(objectname)%00%(upstream:track)%00%(upstream:remotename)%00%(upstream:remoteref) refs/heads/main refs/remotes/main [3ms]
2026-04-20 20:02:27.713 [info] > git for-each-ref --sort -committerdate --format %(refname)%00%(objectname)%00%(*objectname) [3ms]
2026-04-20 20:02:27.759 [info] > git status -z -uall [59ms]
2026-04-20 20:02:31.591 [info] > git check-ignore -v -z --stdin [6ms]
2026-04-20 20:02:32.849 [info] > git config --get commit.template [14ms]
2026-04-20 20:02:32.850 [info] > git for-each-ref --format=%(refname)%00%(upstream:short)%00%(objectname)%00%(upstream:track)%00%(upstream:remotename)%00%(upstream:remoteref) refs/heads/main refs/remotes/main [2ms]
2026-04-20 20:02:32.875 [info] > git for-each-ref --sort -committerdate --format %(refname)%00%(objectname)%00%(*objectname) [3ms]
2026-04-20 20:02:32.916 [info] > git status -z -uall [54ms]
2026-04-20 20:02:36.730 [info] > git check-ignore -v -z --stdin [2ms]
2026-04-20 20:02:38.004 [info] > git config --get commit.template [13ms]
2026-04-20 20:02:38.005 [info] > git for-each-ref --format=%(refname)%00%(upstream:short)%00%(objectname)%00%(upstream:track)%00%(upstream:remotename)%00%(upstream:remoteref) refs/heads/main refs/remotes/main [2ms]
2026-04-20 20:02:38.033 [info] > git for-each-ref --sort -committerdate --format %(refname)%00%(objectname)%00%(*objectname) [4ms]
2026-04-20 20:02:38.072 [info] > git status -z -uall [54ms]
2026-04-20 20:02:41.909 [info] > git check-ignore -v -z --stdin [2ms]
2026-04-20 20:02:43.160 [info] > git config --get commit.template [12ms]
2026-04-20 20:02:43.162 [info] > git for-each-ref --format=%(refname)%00%(upstream:short)%00%(objectname)%00%(upstream:track)%00%(upstream:remotename)%00%(upstream:remoteref) refs/heads/main refs/remotes/main [2ms]
2026-04-20 20:02:43.188 [info] > git for-each-ref --sort -committerdate --format %(refname)%00%(objectname)%00%(*objectname) [3ms]
2026-04-20 20:02:43.227 [info] > git status -z -uall [53ms]
2026-04-20 20:02:47.071 [info] > git check-ignore -v -z --stdin [11ms]
2026-04-20 20:02:48.312 [info] > git config --get commit.template [12ms]
2026-04-20 20:02:48.313 [info] > git for-each-ref --format=%(refname)%00%(upstream:short)%00%(objectname)%00%(upstream:track)%00%(upstream:remotename)%00%(upstream:remoteref) refs/heads/main refs/remotes/main [3ms]
2026-04-20 20:02:48.338 [info] > git for-each-ref --sort -committerdate --format %(refname)%00%(objectname)%00%(*objectname) [3ms]
2026-04-20 20:02:48.379 [info] > git status -z -uall [54ms]
2026-04-20 20:02:52.209 [info] > git check-ignore -v -z --stdin [2ms]
2026-04-20 20:02:53.474 [info] > git config --get commit.template [12ms]
2026-04-20 20:02:53.476 [info] > git for-each-ref --format=%(refname)%00%(upstream:short)%00%(objectname)%00%(upstream:track)%00%(upstream:remotename)%00%(upstream:remoteref) refs/heads/main refs/remotes/main [2ms]
2026-04-20 20:02:53.503 [info] > git for-each-ref --sort -committerdate --format %(refname)%00%(objectname)%00%(*objectname) [3ms]
2026-04-20 20:02:53.542 [info] > git status -z -uall [54ms]
2026-04-20 20:02:57.361 [info] > git check-ignore -v -z --stdin [6ms]
2026-04-20 20:02:58.631 [info] > git config --get commit.template [12ms]
2026-04-20 20:02:58.632 [info] > git for-each-ref --format=%(refname)%00%(upstream:short)%00%(objectname)%00%(upstream:track)%00%(upstream:remotename)%00%(upstream:remoteref) refs/heads/main refs/remotes/main [2ms]
2026-04-20 20:02:58.657 [info] > git for-each-ref --sort -committerdate --format %(refname)%00%(objectname)%00%(*objectname) [3ms]
2026-04-20 20:02:58.698 [info] > git status -z -uall [54ms]
2026-04-20 20:03:02.511 [info] > git check-ignore -v -z --stdin [2ms]
2026-04-20 20:03:03.790 [info] > git config --get commit.template [12ms]
2026-04-20 20:03:03.791 [info] > git for-each-ref --format=%(refname)%00%(upstream:short)%00%(objectname)%00%(upstream:track)%00%(upstream:remotename)%00%(upstream:remoteref) refs/heads/main refs/remotes/main [2ms]
2026-04-20 20:03:03.818 [info] > git for-each-ref --sort -committerdate --format %(refname)%00%(objectname)%00%(*objectname) [2ms]
2026-04-20 20:03:03.859 [info] > git status -z -uall [54ms]
2026-04-20 20:03:07.759 [info] > git check-ignore -v -z --stdin [2ms]
2026-04-20 20:03:08.946 [info] > git config --get commit.template [12ms]
2026-04-20 20:03:08.947 [info] > git for-each-ref --format=%(refname)%00%(upstream:short)%00%(objectname)%00%(upstream:track)%00%(upstream:remotename)%00%(upstream:remoteref) refs/heads/main refs/remotes/main [3ms]
2026-04-20 20:03:08.972 [info] > git for-each-ref --sort -committerdate --format %(refname)%00%(objectname)%00%(*objectname) [2ms]
2026-04-20 20:03:09.014 [info] > git status -z -uall [55ms]
2026-04-20 20:03:12.879 [info] > git check-ignore -v -z --stdin [7ms]
2026-04-20 20:03:14.100 [info] > git config --get commit.template [13ms]
2026-04-20 20:03:14.102 [info] > git for-each-ref --format=%(refname)%00%(upstream:short)%00%(objectname)%00%(upstream:track)%00%(upstream:remotename)%00%(upstream:remoteref) refs/heads/main refs/remotes/main [3ms]
2026-04-20 20:03:14.126 [info] > git for-each-ref --sort -committerdate --format %(refname)%00%(objectname)%00%(*objectname) [3ms]
2026-04-20 20:03:14.166 [info] > git status -z -uall [53ms]
2026-04-20 20:03:18.029 [info] > git check-ignore -v -z --stdin [2ms]
2026-04-20 20:03:19.254 [info] > git config --get commit.template [13ms]
2026-04-20 20:03:19.256 [info] > git for-each-ref --format=%(refname)%00%(upstream:short)%00%(objectname)%00%(upstream:track)%00%(upstream:remotename)%00%(upstream:remoteref) refs/heads/main refs/remotes/main [3ms]
2026-04-20 20:03:19.283 [info] > git for-each-ref --sort -committerdate --format %(refname)%00%(objectname)%00%(*objectname) [3ms]
2026-04-20 20:03:19.326 [info] > git status -z -uall [58ms]
2026-04-20 20:03:23.175 [info] > git check-ignore -v -z --stdin [2ms]
2026-04-20 20:03:33.266 [info] > git config --get commit.template [13ms]
2026-04-20 20:03:33.268 [info] > git for-each-ref --format=%(refname)%00%(upstream:short)%00%(objectname)%00%(upstream:track)%00%(upstream:remotename)%00%(upstream:remoteref) refs/heads/main refs/remotes/main [2ms]
2026-04-20 20:03:33.295 [info] > git for-each-ref --sort -committerdate --format %(refname)%00%(objectname)%00%(*objectname) [2ms]
2026-04-20 20:03:33.341 [info] > git status -z -uall [62ms]
2026-04-20 20:03:37.572 [info] > git check-ignore -v -z --stdin [1ms]
2026-04-20 20:03:38.484 [info] > git config --get commit.template [12ms]
2026-04-20 20:03:38.485 [info] > git for-each-ref --format=%(refname)%00%(upstream:short)%00%(objectname)%00%(upstream:track)%00%(upstream:remotename)%00%(upstream:remoteref) refs/heads/main refs/remotes/main [2ms]
2026-04-20 20:03:38.510 [info] > git for-each-ref --sort -committerdate --format %(refname)%00%(objectname)%00%(*objectname) [3ms]
2026-04-20 20:03:38.552 [info] > git status -z -uall [55ms]
2026-04-20 20:03:42.371 [info] > git check-ignore -v -z --stdin [3ms]
2026-04-20 20:03:44.886 [info] > git config --get commit.template [11ms]
2026-04-20 20:03:44.887 [info] > git for-each-ref --format=%(refname)%00%(upstream:short)%00%(objectname)%00%(upstream:track)%00%(upstream:remotename)%00%(upstream:remoteref) refs/heads/main refs/remotes/main [3ms]
2026-04-20 20:03:44.912 [info] > git for-each-ref --sort -committerdate --format %(refname)%00%(objectname)%00%(*objectname) [2ms]
2026-04-20 20:03:44.952 [info] > git status -z -uall [53ms]
2026-04-20 20:03:49.407 [info] > git check-ignore -v -z --stdin [2ms]
2026-04-20 20:03:54.201 [info] > git config --get commit.template [13ms]
2026-04-20 20:03:54.202 [info] > git for-each-ref --format=%(refname)%00%(upstream:short)%00%(objectname)%00%(upstream:track)%00%(upstream:remotename)%00%(upstream:remoteref) refs/heads/main refs/remotes/main [2ms]
2026-04-20 20:03:54.228 [info] > git for-each-ref --sort -committerdate --format %(refname)%00%(objectname)%00%(*objectname) [3ms]
2026-04-20 20:03:54.267 [info] > git status -z -uall [53ms]
2026-04-20 20:03:59.049 [info] > git check-ignore -v -z --stdin [2ms]
2026-04-20 20:03:59.359 [info] > git config --get commit.template [13ms]
2026-04-20 20:03:59.361 [info] > git for-each-ref --format=%(refname)%00%(upstream:short)%00%(objectname)%00%(upstream:track)%00%(upstream:remotename)%00%(upstream:remoteref) refs/heads/main refs/remotes/main [3ms]
2026-04-20 20:03:59.386 [info] > git for-each-ref --sort -committerdate --format %(refname)%00%(objectname)%00%(*objectname) [2ms]
2026-04-20 20:03:59.425 [info] > git status -z -uall [53ms]
2026-04-20 20:04:03.403 [info] > git check-ignore -v -z --stdin [2ms]
2026-04-20 20:04:08.533 [info] > git config --get commit.template [12ms]
2026-04-20 20:04:08.535 [info] > git for-each-ref --format=%(refname)%00%(upstream:short)%00%(objectname)%00%(upstream:track)%00%(upstream:remotename)%00%(upstream:remoteref) refs/heads/main refs/remotes/main [3ms]
2026-04-20 20:04:08.558 [info] > git for-each-ref --sort -committerdate --format %(refname)%00%(objectname)%00%(*objectname) [3ms]
2026-04-20 20:04:08.600 [info] > git status -z -uall [55ms]
2026-04-20 20:04:13.416 [info] > git check-ignore -v -z --stdin [7ms]
2026-04-20 20:05:11.713 [info] > git config --get commit.template [13ms]
2026-04-20 20:05:11.714 [info] > git for-each-ref --format=%(refname)%00%(upstream:short)%00%(objectname)%00%(upstream:track)%00%(upstream:remotename)%00%(upstream:remoteref) refs/heads/main refs/remotes/main [2ms]
2026-04-20 20:05:11.740 [info] > git for-each-ref --sort -committerdate --format %(refname)%00%(objectname)%00%(*objectname) [3ms]
2026-04-20 20:05:11.790 [info] > git status -z -uall [64ms]
2026-04-20 20:05:16.124 [info] > git check-ignore -v -z --stdin [2ms]
2026-04-20 20:07:44.448 [info] > git config --get commit.template [12ms]
2026-04-20 20:07:44.452 [info] > git for-each-ref --format=%(refname)%00%(upstream:short)%00%(objectname)%00%(upstream:track)%00%(upstream:remotename)%00%(upstream:remoteref) refs/heads/main refs/remotes/main [4ms]
2026-04-20 20:07:44.478 [info] > git for-each-ref --sort -committerdate --format %(refname)%00%(objectname)%00%(*objectname) [3ms]
2026-04-20 20:07:44.531 [info] > git status -z -uall [68ms]
2026-04-20 20:07:48.632 [info] > git check-ignore -v -z --stdin [8ms]
2026-04-20 20:07:49.657 [info] > git config --get commit.template [14ms]
2026-04-20 20:07:49.657 [info] > git for-each-ref --format=%(refname)%00%(upstream:short)%00%(objectname)%00%(upstream:track)%00%(upstream:remotename)%00%(upstream:remoteref) refs/heads/main refs/remotes/main [1ms]
2026-04-20 20:07:49.686 [info] > git for-each-ref --sort -committerdate --format %(refname)%00%(objectname)%00%(*objectname) [2ms]
2026-04-20 20:07:49.729 [info] > git status -z -uall [57ms]
2026-04-20 20:07:53.854 [info] > git check-ignore -v -z --stdin [2ms]
2026-04-20 20:07:54.820 [info] > git config --get commit.template [11ms]
2026-04-20 20:07:54.822 [info] > git for-each-ref --format=%(refname)%00%(upstream:short)%00%(objectname)%00%(upstream:track)%00%(upstream:remotename)%00%(upstream:remoteref) refs/heads/main refs/remotes/main [3ms]
2026-04-20 20:07:54.846 [info] > git for-each-ref --sort -committerdate --format %(refname)%00%(objectname)%00%(*objectname) [3ms]
2026-04-20 20:07:54.884 [info] > git status -z -uall [52ms]
2026-04-20 20:07:58.825 [info] > git check-ignore -v -z --stdin [7ms]
2026-04-20 20:08:03.925 [info] > git check-ignore -v -z --stdin [4ms]
2026-04-20 20:15:52.784 [info] > git config --get commit.template [4ms]
2026-04-20 20:15:52.798 [info] > git for-each-ref --format=%(refname)%00%(upstream:short)%00%(objectname)%00%(upstream:track)%00%(upstream:remotename)%00%(upstream:remoteref) refs/heads/main refs/remotes/main [3ms]
2026-04-20 20:15:52.827 [info] > git for-each-ref --sort -committerdate --format %(refname)%00%(objectname)%00%(*objectname) [3ms]
2026-04-20 20:15:52.872 [info] > git status -z -uall [58ms]
2026-04-20 20:15:57.407 [info] > git check-ignore -v -z --stdin [2ms]
2026-04-20 20:16:04.164 [info] > git config --get commit.template [13ms]
2026-04-20 20:16:04.166 [info] > git for-each-ref --format=%(refname)%00%(upstream:short)%00%(objectname)%00%(upstream:track)%00%(upstream:remotename)%00%(upstream:remoteref) refs/heads/main refs/remotes/main [2ms]
2026-04-20 20:16:04.192 [info] > git for-each-ref --sort -committerdate --format %(refname)%00%(objectname)%00%(*objectname) [3ms]
2026-04-20 20:16:04.236 [info] > git status -z -uall [57ms]
2026-04-20 20:16:08.080 [info] > git check-ignore -v -z --stdin [12ms]
2026-04-20 20:16:09.325 [info] > git config --get commit.template [12ms]
2026-04-20 20:16:09.326 [info] > git for-each-ref --format=%(refname)%00%(upstream:short)%00%(objectname)%00%(upstream:track)%00%(upstream:remotename)%00%(upstream:remoteref) refs/heads/main refs/remotes/main [2ms]
2026-04-20 20:16:09.360 [info] > git for-each-ref --sort -committerdate --format %(refname)%00%(objectname)%00%(*objectname) [2ms]
2026-04-20 20:16:09.404 [info] > git status -z -uall [57ms]
2026-04-20 20:16:13.241 [info] > git check-ignore -v -z --stdin [2ms]
2026-04-20 20:16:14.498 [info] > git config --get commit.template [13ms]
2026-04-20 20:16:14.499 [info] > git for-each-ref --format=%(refname)%00%(upstream:short)%00%(objectname)%00%(upstream:track)%00%(upstream:remotename)%00%(upstream:remoteref) refs/heads/main refs/remotes/main [2ms]
2026-04-20 20:16:14.531 [info] > git for-each-ref --sort -committerdate --format %(refname)%00%(objectname)%00%(*objectname) [3ms]
2026-04-20 20:16:14.571 [info] > git status -z -uall [54ms]
2026-04-20 20:16:18.424 [info] > git check-ignore -v -z --stdin [8ms]
2026-04-20 20:16:19.658 [info] > git config --get commit.template [13ms]
2026-04-20 20:16:19.659 [info] > git for-each-ref --format=%(refname)%00%(upstream:short)%00%(objectname)%00%(upstream:track)%00%(upstream:remotename)%00%(upstream:remoteref) refs/heads/main refs/remotes/main [2ms]
2026-04-20 20:16:19.696 [info] > git for-each-ref --sort -committerdate --format %(refname)%00%(objectname)%00%(*objectname) [3ms]
2026-04-20 20:16:19.739 [info] > git status -z -uall [56ms]
2026-04-20 20:16:24.011 [info] > git check-ignore -v -z --stdin [2ms]
2026-04-20 20:16:27.577 [info] > git config --get commit.template [15ms]
2026-04-20 20:16:27.579 [info] > git for-each-ref --format=%(refname)%00%(upstream:short)%00%(objectname)%00%(upstream:track)%00%(upstream:remotename)%00%(upstream:remoteref) refs/heads/main refs/remotes/main [3ms]
2026-04-20 20:16:27.605 [info] > git for-each-ref --sort -committerdate --format %(refname)%00%(objectname)%00%(*objectname) [3ms]
2026-04-20 20:16:27.646 [info] > git status -z -uall [55ms]
2026-04-20 20:16:32.294 [info] > git check-ignore -v -z --stdin [7ms]
2026-04-20 20:16:32.736 [info] > git config --get commit.template [11ms]
2026-04-20 20:16:32.738 [info] > git for-each-ref --format=%(refname)%00%(upstream:short)%00%(objectname)%00%(upstream:track)%00%(upstream:remotename)%00%(upstream:remoteref) refs/heads/main refs/remotes/main [3ms]
2026-04-20 20:16:32.762 [info] > git for-each-ref --sort -committerdate --format %(refname)%00%(objectname)%00%(*objectname) [3ms]
2026-04-20 20:16:32.803 [info] > git status -z -uall [53ms]
2026-04-20 20:16:36.607 [info] > git check-ignore -v -z --stdin [2ms]
2026-04-20 20:16:42.192 [info] > git config --get commit.template [12ms]
2026-04-20 20:16:42.194 [info] > git for-each-ref --format=%(refname)%00%(upstream:short)%00%(objectname)%00%(upstream:track)%00%(upstream:remotename)%00%(upstream:remoteref) refs/heads/main refs/remotes/main [3ms]
2026-04-20 20:16:42.217 [info] > git for-each-ref --sort -committerdate --format %(refname)%00%(objectname)%00%(*objectname) [3ms]
2026-04-20 20:16:42.258 [info] > git status -z -uall [54ms]
2026-04-20 20:16:47.402 [info] > git check-ignore -v -z --stdin [2ms]
2026-04-20 20:16:50.732 [info] > git config --get commit.template [14ms]
2026-04-20 20:16:50.733 [info] > git for-each-ref --format=%(refname)%00%(upstream:short)%00%(objectname)%00%(upstream:track)%00%(upstream:remotename)%00%(upstream:remoteref) refs/heads/main refs/remotes/main [2ms]
2026-04-20 20:16:50.759 [info] > git for-each-ref --sort -committerdate --format %(refname)%00%(objectname)%00%(*objectname) [3ms]
2026-04-20 20:16:50.804 [info] > git status -z -uall [59ms]
2026-04-20 20:16:54.802 [info] > git check-ignore -v -z --stdin [8ms]
2026-04-20 20:16:55.898 [info] > git config --get commit.template [13ms]
2026-04-20 20:16:55.899 [info] > git for-each-ref --format=%(refname)%00%(upstream:short)%00%(objectname)%00%(upstream:track)%00%(upstream:remotename)%00%(upstream:remoteref) refs/heads/main refs/remotes/main [2ms]
2026-04-20 20:16:55.923 [info] > git for-each-ref --sort -committerdate --format %(refname)%00%(objectname)%00%(*objectname) [2ms]
2026-04-20 20:16:55.963 [info] > git status -z -uall [53ms]
2026-04-20 20:16:59.872 [info] > git check-ignore -v -z --stdin [2ms]
2026-04-20 20:17:01.056 [info] > git config --get commit.template [13ms]
2026-04-20 20:17:01.058 [info] > git for-each-ref --format=%(refname)%00%(upstream:short)%00%(objectname)%00%(upstream:track)%00%(upstream:remotename)%00%(upstream:remoteref) refs/heads/main refs/remotes/main [3ms]
2026-04-20 20:17:01.087 [info] > git for-each-ref --sort -committerdate --format %(refname)%00%(objectname)%00%(*objectname) [3ms]
2026-04-20 20:17:01.132 [info] > git status -z -uall [61ms]
2026-04-20 20:17:05.418 [info] > git check-ignore -v -z --stdin [8ms]
2026-04-20 20:17:06.216 [info] > git config --get commit.template [12ms]
2026-04-20 20:17:06.218 [info] > git for-each-ref --format=%(refname)%00%(upstream:short)%00%(objectname)%00%(upstream:track)%00%(upstream:remotename)%00%(upstream:remoteref) refs/heads/main refs/remotes/main [2ms]
2026-04-20 20:17:06.243 [info] > git for-each-ref --sort -committerdate --format %(refname)%00%(objectname)%00%(*objectname) [3ms]
2026-04-20 20:17:06.285 [info] > git status -z -uall [55ms]
2026-04-20 20:17:10.124 [info] > git check-ignore -v -z --stdin [1ms]
2026-04-20 20:17:11.374 [info] > git config --get commit.template [12ms]
2026-04-20 20:17:11.375 [info] > git for-each-ref --format=%(refname)%00%(upstream:short)%00%(objectname)%00%(upstream:track)%00%(upstream:remotename)%00%(upstream:remoteref) refs/heads/main refs/remotes/main [2ms]
2026-04-20 20:17:11.402 [info] > git for-each-ref --sort -committerdate --format %(refname)%00%(objectname)%00%(*objectname) [3ms]
2026-04-20 20:17:11.440 [info] > git status -z -uall [52ms]
2026-04-20 20:17:15.405 [info] > git check-ignore -v -z --stdin [3ms]
2026-04-20 20:17:21.643 [info] > git config --get commit.template [12ms]
2026-04-20 20:17:21.645 [info] > git for-each-ref --format=%(refname)%00%(upstream:short)%00%(objectname)%00%(upstream:track)%00%(upstream:remotename)%00%(upstream:remoteref) refs/heads/main refs/remotes/main [3ms]
2026-04-20 20:17:21.670 [info] > git for-each-ref --sort -committerdate --format %(refname)%00%(objectname)%00%(*objectname) [3ms]
2026-04-20 20:17:21.716 [info] > git status -z -uall [60ms]
2026-04-20 20:17:25.347 [info] > git check-ignore -v -z --stdin [2ms]
2026-04-20 20:17:25.671 [info] > git check-ignore -v -z --stdin [3ms]
2026-04-20 20:17:25.993 [info] > git check-ignore -v -z --stdin [3ms]
2026-04-20 20:17:32.974 [info] > git config --get commit.template [12ms]
2026-04-20 20:17:32.976 [info] > git for-each-ref --format=%(refname)%00%(upstream:short)%00%(objectname)%00%(upstream:track)%00%(upstream:remotename)%00%(upstream:remoteref) refs/heads/main refs/remotes/main [3ms]
2026-04-20 20:17:33.000 [info] > git for-each-ref --sort -committerdate --format %(refname)%00%(objectname)%00%(*objectname) [3ms]
2026-04-20 20:17:33.043 [info] > git status -z -uall [56ms]
2026-04-20 20:17:36.985 [info] > git check-ignore -v -z --stdin [1ms]
2026-04-20 20:43:49.780 [info] > git config --get commit.template [15ms]
2026-04-20 20:43:49.782 [info] > git for-each-ref --format=%(refname)%00%(upstream:short)%00%(objectname)%00%(upstream:track)%00%(upstream:remotename)%00%(upstream:remoteref) refs/heads/main refs/remotes/main [3ms]
2026-04-20 20:43:49.808 [info] > git for-each-ref --sort -committerdate --format %(refname)%00%(objectname)%00%(*objectname) [4ms]
2026-04-20 20:43:49.864 [info] > git status -z -uall [71ms]
2026-04-20 20:43:54.098 [info] > git check-ignore -v -z --stdin [3ms]
2026-04-20 20:47:04.323 [info] > git config --get commit.template [3ms]
2026-04-20 20:47:04.349 [info] > git for-each-ref --format=%(refname)%00%(upstream:short)%00%(objectname)%00%(upstream:track)%00%(upstream:remotename)%00%(upstream:remoteref) refs/heads/main refs/remotes/main [2ms]
2026-04-20 20:47:04.401 [info] > git for-each-ref --sort -committerdate --format %(refname)%00%(objectname)%00%(*objectname) [5ms]
2026-04-20 20:47:04.435 [info] > git status -z -uall [63ms]
2026-04-20 20:47:09.446 [info] > git check-ignore -v -z --stdin [2ms]
2026-04-20 20:47:09.544 [info] > git config --get commit.template [3ms]
2026-04-20 20:47:09.568 [info] > git for-each-ref --format=%(refname)%00%(upstream:short)%00%(objectname)%00%(upstream:track)%00%(upstream:remotename)%00%(upstream:remoteref) refs/heads/main refs/remotes/main [4ms]
2026-04-20 20:47:09.615 [info] > git for-each-ref --sort -committerdate --format %(refname)%00%(objectname)%00%(*objectname) [4ms]
2026-04-20 20:47:09.657 [info] > git status -z -uall [66ms]
2026-04-20 20:47:13.726 [info] > git check-ignore -v -z --stdin [6ms]
2026-04-20 20:47:14.769 [info] > git config --get commit.template [18ms]
2026-04-20 20:47:14.771 [info] > git for-each-ref --format=%(refname)%00%(upstream:short)%00%(objectname)%00%(upstream:track)%00%(upstream:remotename)%00%(upstream:remoteref) refs/heads/main refs/remotes/main [3ms]
2026-04-20 20:47:14.810 [info] > git for-each-ref --sort -committerdate --format %(refname)%00%(objectname)%00%(*objectname) [3ms]
2026-04-20 20:47:14.856 [info] > git status -z -uall [66ms]
2026-04-20 20:47:18.779 [info] > git check-ignore -v -z --stdin [2ms]
2026-04-20 20:47:19.968 [info] > git config --get commit.template [22ms]
2026-04-20 20:47:19.969 [info] > git for-each-ref --format=%(refname)%00%(upstream:short)%00%(objectname)%00%(upstream:track)%00%(upstream:remotename)%00%(upstream:remoteref) refs/heads/main refs/remotes/main [3ms]
2026-04-20 20:47:20.018 [info] > git for-each-ref --sort -committerdate --format %(refname)%00%(objectname)%00%(*objectname) [3ms]
2026-04-20 20:47:20.064 [info] > git status -z -uall [75ms]
2026-04-20 20:47:24.292 [info] > git check-ignore -v -z --stdin [11ms]
2026-04-20 20:47:30.887 [info] > git check-ignore -v -z --stdin [2ms]
2026-04-20 20:54:13.745 [info] > git config --get commit.template [14ms]
2026-04-20 20:54:13.746 [info] > git for-each-ref --format=%(refname)%00%(upstream:short)%00%(objectname)%00%(upstream:track)%00%(upstream:remotename)%00%(upstream:remoteref) refs/heads/main refs/remotes/main [2ms]
2026-04-20 20:54:13.774 [info] > git for-each-ref --sort -committerdate --format %(refname)%00%(objectname)%00%(*objectname) [5ms]
2026-04-20 20:54:13.818 [info] > git status -z -uall [60ms]
2026-04-20 20:54:18.425 [info] > git check-ignore -v -z --stdin [2ms]
2026-04-20 20:54:20.874 [info] > git config --get commit.template [13ms]
2026-04-20 20:54:20.875 [info] > git for-each-ref --format=%(refname)%00%(upstream:short)%00%(objectname)%00%(upstream:track)%00%(upstream:remotename)%00%(upstream:remoteref) refs/heads/main refs/remotes/main [3ms]
2026-04-20 20:54:20.901 [info] > git for-each-ref --sort -committerdate --format %(refname)%00%(objectname)%00%(*objectname) [3ms]
2026-04-20 20:54:20.945 [info] > git status -z -uall [58ms]
2026-04-20 20:54:25.170 [info] > git check-ignore -v -z --stdin [2ms]
2026-04-20 20:54:26.046 [info] > git config --get commit.template [15ms]
2026-04-20 20:54:26.048 [info] > git for-each-ref --format=%(refname)%00%(upstream:short)%00%(objectname)%00%(upstream:track)%00%(upstream:remotename)%00%(upstream:remoteref) refs/heads/main refs/remotes/main [3ms]
2026-04-20 20:54:26.074 [info] > git for-each-ref --sort -committerdate --format %(refname)%00%(objectname)%00%(*objectname) [3ms]
2026-04-20 20:54:26.119 [info] > git status -z -uall [59ms]
2026-04-20 20:54:30.428 [info] > git check-ignore -v -z --stdin [2ms]
2026-04-20 20:55:27.625 [info] > git config --get commit.template [12ms]
2026-04-20 20:55:27.626 [info] > git for-each-ref --format=%(refname)%00%(upstream:short)%00%(objectname)%00%(upstream:track)%00%(upstream:remotename)%00%(upstream:remoteref) refs/heads/main refs/remotes/main [2ms]
2026-04-20 20:55:27.652 [info] > git for-each-ref --sort -committerdate --format %(refname)%00%(objectname)%00%(*objectname) [3ms]
2026-04-20 20:55:27.694 [info] > git status -z -uall [55ms]
2026-04-20 20:55:32.093 [info] > git check-ignore -v -z --stdin [3ms]
2026-04-20 21:07:22.830 [info] > git config --get commit.template [26ms]
2026-04-20 21:07:22.905 [info] > git for-each-ref --format=%(refname)%00%(upstream:short)%00%(objectname)%00%(upstream:track)%00%(upstream:remotename)%00%(upstream:remoteref) refs/heads/main refs/remotes/main [89ms]
2026-04-20 21:07:22.932 [info] > git for-each-ref --sort -committerdate --format %(refname)%00%(objectname)%00%(*objectname) [2ms]
2026-04-20 21:07:25.759 [info] > git status -z -uall [2842ms]
2026-04-20 21:07:30.866 [info] > git config --get commit.template [13ms]
2026-04-20 21:07:30.867 [info] > git for-each-ref --format=%(refname)%00%(upstream:short)%00%(objectname)%00%(upstream:track)%00%(upstream:remotename)%00%(upstream:remoteref) refs/heads/main refs/remotes/main [2ms]
2026-04-20 21:07:30.893 [info] > git for-each-ref --sort -committerdate --format %(refname)%00%(objectname)%00%(*objectname) [3ms]
2026-04-20 21:07:30.937 [info] > git status -z -uall [58ms]
2026-04-20 21:07:36.377 [info] > git config --get commit.template [12ms]
2026-04-20 21:07:36.379 [info] > git for-each-ref --format=%(refname)%00%(upstream:short)%00%(objectname)%00%(upstream:track)%00%(upstream:remotename)%00%(upstream:remoteref) refs/heads/main refs/remotes/main [3ms]
2026-04-20 21:07:36.404 [info] > git for-each-ref --sort -committerdate --format %(refname)%00%(objectname)%00%(*objectname) [3ms]
2026-04-20 21:07:36.444 [info] > git status -z -uall [53ms]
2026-04-20 21:07:37.647 [info] > git check-ignore -v -z --stdin [5ms]
2026-04-20 21:07:40.878 [info] > git check-ignore -v -z --stdin [4ms]
2026-04-20 21:07:43.743 [info] > git config --get commit.template [12ms]
2026-04-20 21:07:43.745 [info] > git for-each-ref --format=%(refname)%00%(upstream:short)%00%(objectname)%00%(upstream:track)%00%(upstream:remotename)%00%(upstream:remoteref) refs/heads/main refs/remotes/main [2ms]
2026-04-20 21:07:43.768 [info] > git for-each-ref --sort -committerdate --format %(refname)%00%(objectname)%00%(*objectname) [2ms]
2026-04-20 21:07:43.810 [info] > git status -z -uall [53ms]
2026-04-20 21:07:48.533 [info] > git check-ignore -v -z --stdin [2ms]
2026-04-20 21:07:48.899 [info] > git config --get commit.template [13ms]
2026-04-20 21:07:48.901 [info] > git for-each-ref --format=%(refname)%00%(upstream:short)%00%(objectname)%00%(upstream:track)%00%(upstream:remotename)%00%(upstream:remoteref) refs/heads/main refs/remotes/main [3ms]
2026-04-20 21:07:48.925 [info] > git for-each-ref --sort -committerdate --format %(refname)%00%(objectname)%00%(*objectname) [2ms]
2026-04-20 21:07:48.969 [info] > git status -z -uall [57ms]
2026-04-20 21:07:53.429 [info] > git check-ignore -v -z --stdin [2ms]
2026-04-20 21:07:57.141 [info] > git config --get commit.template [12ms]
2026-04-20 21:07:57.143 [info] > git for-each-ref --format=%(refname)%00%(upstream:short)%00%(objectname)%00%(upstream:track)%00%(upstream:remotename)%00%(upstream:remoteref) refs/heads/main refs/remotes/main [3ms]
2026-04-20 21:07:57.166 [info] > git for-each-ref --sort -committerdate --format %(refname)%00%(objectname)%00%(*objectname) [3ms]
2026-04-20 21:07:57.220 [info] > git status -z -uall [67ms]
2026-04-20 21:08:01.436 [info] > git check-ignore -v -z --stdin [2ms]
2026-04-20 21:08:06.423 [info] > git config --get commit.template [12ms]
2026-04-20 21:08:06.424 [info] > git for-each-ref --format=%(refname)%00%(upstream:short)%00%(objectname)%00%(upstream:track)%00%(upstream:remotename)%00%(upstream:remoteref) refs/heads/main refs/remotes/main [2ms]
2026-04-20 21:08:06.448 [info] > git for-each-ref --sort -committerdate --format %(refname)%00%(objectname)%00%(*objectname) [3ms]
2026-04-20 21:08:06.491 [info] > git status -z -uall [56ms]
2026-04-20 21:08:11.429 [info] > git check-ignore -v -z --stdin [2ms]
2026-04-20 21:08:12.774 [info] > git config --get commit.template [2ms]
2026-04-20 21:08:12.787 [info] > git for-each-ref --format=%(refname)%00%(upstream:short)%00%(objectname)%00%(upstream:track)%00%(upstream:remotename)%00%(upstream:remoteref) refs/heads/main refs/remotes/main [2ms]
2026-04-20 21:08:12.811 [info] > git for-each-ref --sort -committerdate --format %(refname)%00%(objectname)%00%(*objectname) [3ms]
2026-04-20 21:08:12.857 [info] > git status -z -uall [59ms]
2026-04-20 21:08:17.012 [info] > git check-ignore -v -z --stdin [8ms]
2026-04-20 21:08:19.046 [info] > git config --get commit.template [13ms]
2026-04-20 21:08:19.047 [info] > git for-each-ref --format=%(refname)%00%(upstream:short)%00%(objectname)%00%(upstream:track)%00%(upstream:remotename)%00%(upstream:remoteref) refs/heads/main refs/remotes/main [2ms]
2026-04-20 21:08:19.072 [info] > git for-each-ref --sort -committerdate --format %(refname)%00%(objectname)%00%(*objectname) [3ms]
2026-04-20 21:08:19.115 [info] > git status -z -uall [57ms]
2026-04-20 21:08:23.228 [info] > git check-ignore -v -z --stdin [2ms]
2026-04-20 21:08:24.199 [info] > git config --get commit.template [12ms]
2026-04-20 21:08:24.201 [info] > git for-each-ref --format=%(refname)%00%(upstream:short)%00%(objectname)%00%(upstream:track)%00%(upstream:remotename)%00%(upstream:remoteref) refs/heads/main refs/remotes/main [3ms]
2026-04-20 21:08:24.225 [info] > git for-each-ref --sort -committerdate --format %(refname)%00%(objectname)%00%(*objectname) [3ms]
2026-04-20 21:08:24.266 [info] > git status -z -uall [54ms]
2026-04-20 21:08:28.525 [info] > git check-ignore -v -z --stdin [2ms]
2026-04-20 21:08:29.340 [info] > git config --get commit.template [2ms]
2026-04-20 21:08:29.352 [info] > git for-each-ref --format=%(refname)%00%(upstream:short)%00%(objectname)%00%(upstream:track)%00%(upstream:remotename)%00%(upstream:remoteref) refs/heads/main refs/remotes/main [2ms]
2026-04-20 21:08:29.377 [info] > git for-each-ref --sort -committerdate --format %(refname)%00%(objectname)%00%(*objectname) [3ms]
2026-04-20 21:08:29.418 [info] > git status -z -uall [54ms]
2026-04-20 21:08:33.392 [info] > git check-ignore -v -z --stdin [1ms]
2026-04-20 21:08:34.501 [info] > git config --get commit.template [6ms]
2026-04-20 21:08:34.514 [info] > git for-each-ref --format=%(refname)%00%(upstream:short)%00%(objectname)%00%(upstream:track)%00%(upstream:remotename)%00%(upstream:remoteref) refs/heads/main refs/remotes/main [3ms]
2026-04-20 21:08:34.538 [info] > git for-each-ref --sort -committerdate --format %(refname)%00%(objectname)%00%(*objectname) [2ms]
2026-04-20 21:08:34.580 [info] > git status -z -uall [55ms]
2026-04-20 21:08:38.567 [info] > git check-ignore -v -z --stdin [3ms]
2026-04-20 21:08:40.137 [info] > git config --get commit.template [13ms]
2026-04-20 21:08:40.138 [info] > git for-each-ref --format=%(refname)%00%(upstream:short)%00%(objectname)%00%(upstream:track)%00%(upstream:remotename)%00%(upstream:remoteref) refs/heads/main refs/remotes/main [2ms]
2026-04-20 21:08:40.163 [info] > git for-each-ref --sort -committerdate --format %(refname)%00%(objectname)%00%(*objectname) [3ms]
2026-04-20 21:08:40.204 [info] > git status -z -uall [54ms]
2026-04-20 21:08:44.304 [info] > git check-ignore -v -z --stdin [2ms]
2026-04-20 21:09:22.387 [info] > git config --get commit.template [12ms]
2026-04-20 21:09:22.388 [info] > git for-each-ref --format=%(refname)%00%(upstream:short)%00%(objectname)%00%(upstream:track)%00%(upstream:remotename)%00%(upstream:remoteref) refs/heads/main refs/remotes/main [2ms]
2026-04-20 21:09:22.414 [info] > git for-each-ref --sort -committerdate --format %(refname)%00%(objectname)%00%(*objectname) [4ms]
2026-04-20 21:09:22.464 [info] > git status -z -uall [65ms]
2026-04-20 21:09:26.595 [info] > git check-ignore -v -z --stdin [2ms]
2026-04-20 21:09:27.567 [info] > git config --get commit.template [12ms]
2026-04-20 21:09:27.569 [info] > git for-each-ref --format=%(refname)%00%(upstream:short)%00%(objectname)%00%(upstream:track)%00%(upstream:remotename)%00%(upstream:remoteref) refs/heads/main refs/remotes/main [3ms]
2026-04-20 21:09:27.595 [info] > git for-each-ref --sort -committerdate --format %(refname)%00%(objectname)%00%(*objectname) [3ms]
2026-04-20 21:09:27.633 [info] > git status -z -uall [52ms]
2026-04-20 21:09:31.573 [info] > git check-ignore -v -z --stdin [2ms]
2026-04-20 21:09:35.845 [info] > git config --get commit.template [13ms]
2026-04-20 21:09:35.847 [info] > git for-each-ref --format=%(refname)%00%(upstream:short)%00%(objectname)%00%(upstream:track)%00%(upstream:remotename)%00%(upstream:remoteref) refs/heads/main refs/remotes/main [2ms]
2026-04-20 21:09:35.871 [info] > git for-each-ref --sort -committerdate --format %(refname)%00%(objectname)%00%(*objectname) [2ms]
2026-04-20 21:09:35.915 [info] > git status -z -uall [57ms]
2026-04-20 21:09:40.442 [info] > git check-ignore -v -z --stdin [2ms]
2026-04-20 21:09:41.492 [info] > git config --get commit.template [13ms]
2026-04-20 21:09:41.494 [info] > git for-each-ref --format=%(refname)%00%(upstream:short)%00%(objectname)%00%(upstream:track)%00%(upstream:remotename)%00%(upstream:remoteref) refs/heads/main refs/remotes/main [3ms]
2026-04-20 21:09:41.522 [info] > git for-each-ref --sort -committerdate --format %(refname)%00%(objectname)%00%(*objectname) [4ms]
2026-04-20 21:09:41.572 [info] > git status -z -uall [65ms]
2026-04-20 21:09:45.961 [info] > git check-ignore -v -z --stdin [2ms]
2026-04-20 21:09:46.682 [info] > git config --get commit.template [12ms]
2026-04-20 21:09:46.683 [info] > git for-each-ref --format=%(refname)%00%(upstream:short)%00%(objectname)%00%(upstream:track)%00%(upstream:remotename)%00%(upstream:remoteref) refs/heads/main refs/remotes/main [2ms]
2026-04-20 21:09:46.708 [info] > git for-each-ref --sort -committerdate --format %(refname)%00%(objectname)%00%(*objectname) [3ms]
2026-04-20 21:09:46.751 [info] > git status -z -uall [56ms]
2026-04-20 21:09:50.736 [info] > git check-ignore -v -z --stdin [6ms]
2026-04-20 21:09:52.801 [info] > git config --get commit.template [13ms]
2026-04-20 21:09:52.802 [info] > git for-each-ref --format=%(refname)%00%(upstream:short)%00%(objectname)%00%(upstream:track)%00%(upstream:remotename)%00%(upstream:remoteref) refs/heads/main refs/remotes/main [2ms]
2026-04-20 21:09:52.830 [info] > git for-each-ref --sort -committerdate --format %(refname)%00%(objectname)%00%(*objectname) [3ms]
2026-04-20 21:09:52.873 [info] > git status -z -uall [58ms]
2026-04-20 21:09:57.434 [info] > git check-ignore -v -z --stdin [2ms]
2026-04-20 21:10:12.876 [info] > git config --get commit.template [15ms]
2026-04-20 21:10:12.878 [info] > git for-each-ref --format=%(refname)%00%(upstream:short)%00%(objectname)%00%(upstream:track)%00%(upstream:remotename)%00%(upstream:remoteref) refs/heads/main refs/remotes/main [3ms]
2026-04-20 21:10:12.903 [info] > git for-each-ref --sort -committerdate --format %(refname)%00%(objectname)%00%(*objectname) [3ms]
2026-04-20 21:10:12.953 [info] > git status -z -uall [64ms]
2026-04-20 21:10:17.438 [info] > git check-ignore -v -z --stdin [6ms]
2026-04-20 21:10:19.751 [info] > git config --get commit.template [12ms]
2026-04-20 21:10:19.753 [info] > git for-each-ref --format=%(refname)%00%(upstream:short)%00%(objectname)%00%(upstream:track)%00%(upstream:remotename)%00%(upstream:remoteref) refs/heads/main refs/remotes/main [2ms]
2026-04-20 21:10:19.777 [info] > git for-each-ref --sort -committerdate --format %(refname)%00%(objectname)%00%(*objectname) [2ms]
2026-04-20 21:10:19.823 [info] > git status -z -uall [59ms]
2026-04-20 21:10:23.972 [info] > git check-ignore -v -z --stdin [3ms]
2026-04-20 21:10:24.922 [info] > git config --get commit.template [15ms]
2026-04-20 21:10:24.924 [info] > git for-each-ref --format=%(refname)%00%(upstream:short)%00%(objectname)%00%(upstream:track)%00%(upstream:remotename)%00%(upstream:remoteref) refs/heads/main refs/remotes/main [3ms]
2026-04-20 21:10:24.953 [info] > git for-each-ref --sort -committerdate --format %(refname)%00%(objectname)%00%(*objectname) [4ms]
2026-04-20 21:10:24.995 [info] > git status -z -uall [59ms]
2026-04-20 21:10:28.972 [info] > git check-ignore -v -z --stdin [8ms]
2026-04-20 21:10:33.675 [info] > git config --get commit.template [12ms]
2026-04-20 21:10:33.677 [info] > git for-each-ref --format=%(refname)%00%(upstream:short)%00%(objectname)%00%(upstream:track)%00%(upstream:remotename)%00%(upstream:remoteref) refs/heads/main refs/remotes/main [4ms]
2026-04-20 21:10:33.702 [info] > git for-each-ref --sort -committerdate --format %(refname)%00%(objectname)%00%(*objectname) [3ms]
2026-04-20 21:10:33.744 [info] > git status -z -uall [56ms]
2026-04-20 21:10:37.853 [info] > git check-ignore -v -z --stdin [2ms]
2026-04-20 21:10:39.073 [info] > git config --get commit.template [13ms]
2026-04-20 21:10:39.075 [info] > git for-each-ref --format=%(refname)%00%(upstream:short)%00%(objectname)%00%(upstream:track)%00%(upstream:remotename)%00%(upstream:remoteref) refs/heads/main refs/remotes/main [3ms]
2026-04-20 21:10:39.103 [info] > git for-each-ref --sort -committerdate --format %(refname)%00%(objectname)%00%(*objectname) [3ms]
2026-04-20 21:10:39.150 [info] > git status -z -uall [62ms]
2026-04-20 21:10:43.223 [info] > git check-ignore -v -z --stdin [6ms]
2026-04-20 21:10:44.238 [info] > git config --get commit.template [12ms]
2026-04-20 21:10:44.239 [info] > git for-each-ref --format=%(refname)%00%(upstream:short)%00%(objectname)%00%(upstream:track)%00%(upstream:remotename)%00%(upstream:remoteref) refs/heads/main refs/remotes/main [2ms]
2026-04-20 21:10:44.267 [info] > git for-each-ref --sort -committerdate --format %(refname)%00%(objectname)%00%(*objectname) [3ms]
2026-04-20 21:10:44.311 [info] > git status -z -uall [58ms]
2026-04-20 21:10:48.726 [info] > git check-ignore -v -z --stdin [3ms]
2026-04-20 21:10:49.398 [info] > git config --get commit.template [13ms]
2026-04-20 21:10:49.399 [info] > git for-each-ref --format=%(refname)%00%(upstream:short)%00%(objectname)%00%(upstream:track)%00%(upstream:remotename)%00%(upstream:remoteref) refs/heads/main refs/remotes/main [2ms]
2026-04-20 21:10:49.425 [info] > git for-each-ref --sort -committerdate --format %(refname)%00%(objectname)%00%(*objectname) [3ms]
2026-04-20 21:10:49.464 [info] > git status -z -uall [53ms]
2026-04-20 21:10:53.410 [info] > git check-ignore -v -z --stdin [2ms]
2026-04-20 21:10:54.546 [info] > git config --get commit.template [13ms]
2026-04-20 21:10:54.547 [info] > git for-each-ref --format=%(refname)%00%(upstream:short)%00%(objectname)%00%(upstream:track)%00%(upstream:remotename)%00%(upstream:remoteref) refs/heads/main refs/remotes/main [2ms]
2026-04-20 21:10:54.573 [info] > git for-each-ref --sort -committerdate --format %(refname)%00%(objectname)%00%(*objectname) [3ms]
2026-04-20 21:10:54.614 [info] > git status -z -uall [55ms]
2026-04-20 21:10:58.794 [info] > git check-ignore -v -z --stdin [5ms]
2026-04-20 21:10:59.959 [info] > git config --get commit.template [2ms]
2026-04-20 21:10:59.972 [info] > git for-each-ref --format=%(refname)%00%(upstream:short)%00%(objectname)%00%(upstream:track)%00%(upstream:remotename)%00%(upstream:remoteref) refs/heads/main refs/remotes/main [2ms]
2026-04-20 21:10:59.999 [info] > git for-each-ref --sort -committerdate --format %(refname)%00%(objectname)%00%(*objectname) [3ms]
2026-04-20 21:11:00.039 [info] > git status -z -uall [55ms]
2026-04-20 21:11:04.067 [info] > git check-ignore -v -z --stdin [2ms]
2026-04-20 21:11:05.126 [info] > git config --get commit.template [12ms]
2026-04-20 21:11:05.128 [info] > git for-each-ref --format=%(refname)%00%(upstream:short)%00%(objectname)%00%(upstream:track)%00%(upstream:remotename)%00%(upstream:remoteref) refs/heads/main refs/remotes/main [3ms]
2026-04-20 21:11:05.154 [info] > git for-each-ref --sort -committerdate --format %(refname)%00%(objectname)%00%(*objectname) [4ms]
2026-04-20 21:11:05.194 [info] > git status -z -uall [55ms]
2026-04-20 21:11:09.162 [info] > git check-ignore -v -z --stdin [3ms]
2026-04-20 21:11:10.277 [info] > git config --get commit.template [13ms]
2026-04-20 21:11:10.279 [info] > git for-each-ref --format=%(refname)%00%(upstream:short)%00%(objectname)%00%(upstream:track)%00%(upstream:remotename)%00%(upstream:remoteref) refs/heads/main refs/remotes/main [3ms]
2026-04-20 21:11:10.304 [info] > git for-each-ref --sort -committerdate --format %(refname)%00%(objectname)%00%(*objectname) [3ms]
2026-04-20 21:11:10.346 [info] > git status -z -uall [55ms]
2026-04-20 21:11:14.440 [info] > git check-ignore -v -z --stdin [7ms]
2026-04-20 21:11:15.527 [info] > git config --get commit.template [14ms]
2026-04-20 21:11:15.528 [info] > git for-each-ref --format=%(refname)%00%(upstream:short)%00%(objectname)%00%(upstream:track)%00%(upstream:remotename)%00%(upstream:remoteref) refs/heads/main refs/remotes/main [2ms]
2026-04-20 21:11:15.554 [info] > git for-each-ref --sort -committerdate --format %(refname)%00%(objectname)%00%(*objectname) [2ms]
2026-04-20 21:11:15.596 [info] > git status -z -uall [56ms]
2026-04-20 21:11:20.437 [info] > git check-ignore -v -z --stdin [2ms]
2026-04-20 21:11:21.083 [info] > git config --get commit.template [15ms]
2026-04-20 21:11:21.085 [info] > git for-each-ref --format=%(refname)%00%(upstream:short)%00%(objectname)%00%(upstream:track)%00%(upstream:remotename)%00%(upstream:remoteref) refs/heads/main refs/remotes/main [3ms]
2026-04-20 21:11:21.114 [info] > git for-each-ref --sort -committerdate --format %(refname)%00%(objectname)%00%(*objectname) [3ms]
2026-04-20 21:11:21.162 [info] > git status -z -uall [65ms]
2026-04-20 21:11:25.255 [info] > git check-ignore -v -z --stdin [6ms]
2026-04-20 21:11:26.250 [info] > git config --get commit.template [13ms]
2026-04-20 21:11:26.251 [info] > git for-each-ref --format=%(refname)%00%(upstream:short)%00%(objectname)%00%(upstream:track)%00%(upstream:remotename)%00%(upstream:remoteref) refs/heads/main refs/remotes/main [2ms]
2026-04-20 21:11:26.277 [info] > git for-each-ref --sort -committerdate --format %(refname)%00%(objectname)%00%(*objectname) [3ms]
2026-04-20 21:11:26.318 [info] > git status -z -uall [54ms]
2026-04-20 21:11:30.440 [info] > git check-ignore -v -z --stdin [2ms]
2026-04-20 21:11:32.513 [info] > git config --get commit.template [13ms]
2026-04-20 21:11:32.514 [info] > git for-each-ref --format=%(refname)%00%(upstream:short)%00%(objectname)%00%(upstream:track)%00%(upstream:remotename)%00%(upstream:remoteref) refs/heads/main refs/remotes/main [2ms]
2026-04-20 21:11:32.539 [info] > git for-each-ref --sort -committerdate --format %(refname)%00%(objectname)%00%(*objectname) [3ms]
2026-04-20 21:11:32.584 [info] > git status -z -uall [58ms]
2026-04-20 21:11:37.433 [info] > git check-ignore -v -z --stdin [2ms]
2026-04-20 21:11:38.236 [info] > git config --get commit.template [13ms]
2026-04-20 21:11:38.237 [info] > git for-each-ref --format=%(refname)%00%(upstream:short)%00%(objectname)%00%(upstream:track)%00%(upstream:remotename)%00%(upstream:remoteref) refs/heads/main refs/remotes/main [2ms]
2026-04-20 21:11:38.264 [info] > git for-each-ref --sort -committerdate --format %(refname)%00%(objectname)%00%(*objectname) [3ms]
2026-04-20 21:11:38.304 [info] > git status -z -uall [53ms]
2026-04-20 21:11:42.294 [info] > git check-ignore -v -z --stdin [6ms]
2026-04-20 21:11:43.398 [info] > git config --get commit.template [19ms]
2026-04-20 21:11:43.400 [info] > git for-each-ref --format=%(refname)%00%(upstream:short)%00%(objectname)%00%(upstream:track)%00%(upstream:remotename)%00%(upstream:remoteref) refs/heads/main refs/remotes/main [3ms]
2026-04-20 21:11:43.427 [info] > git for-each-ref --sort -committerdate --format %(refname)%00%(objectname)%00%(*objectname) [3ms]
2026-04-20 21:11:43.474 [info] > git status -z -uall [60ms]
2026-04-20 21:11:47.621 [info] > git check-ignore -v -z --stdin [2ms]
2026-04-20 21:11:48.562 [info] > git config --get commit.template [13ms]
2026-04-20 21:11:48.564 [info] > git for-each-ref --format=%(refname)%00%(upstream:short)%00%(objectname)%00%(upstream:track)%00%(upstream:remotename)%00%(upstream:remoteref) refs/heads/main refs/remotes/main [3ms]
2026-04-20 21:11:48.590 [info] > git for-each-ref --sort -committerdate --format %(refname)%00%(objectname)%00%(*objectname) [3ms]
2026-04-20 21:11:48.630 [info] > git status -z -uall [54ms]
2026-04-20 21:11:52.595 [info] > git check-ignore -v -z --stdin [2ms]
2026-04-20 21:11:55.541 [info] > git check-ignore -v -z --stdin [2ms]
2026-04-20 21:12:09.143 [info] > git config --get commit.template [13ms]
2026-04-20 21:12:09.145 [info] > git for-each-ref --format=%(refname)%00%(upstream:short)%00%(objectname)%00%(upstream:track)%00%(upstream:remotename)%00%(upstream:remoteref) refs/heads/main refs/remotes/main [2ms]
2026-04-20 21:12:09.170 [info] > git for-each-ref --sort -committerdate --format %(refname)%00%(objectname)%00%(*objectname) [2ms]
2026-04-20 21:12:09.214 [info] > git status -z -uall [58ms]
2026-04-20 21:12:13.028 [info] > git check-ignore -v -z --stdin [4ms]
2026-04-20 21:12:13.406 [info] > git check-ignore -v -z --stdin [4ms]
2026-04-20 21:12:14.297 [info] > git config --get commit.template [14ms]
2026-04-20 21:12:14.298 [info] > git for-each-ref --format=%(refname)%00%(upstream:short)%00%(objectname)%00%(upstream:track)%00%(upstream:remotename)%00%(upstream:remoteref) refs/heads/main refs/remotes/main [3ms]
2026-04-20 21:12:14.326 [info] > git for-each-ref --sort -committerdate --format %(refname)%00%(objectname)%00%(*objectname) [4ms]
2026-04-20 21:12:14.369 [info] > git status -z -uall [59ms]
2026-04-20 21:12:18.268 [info] > git check-ignore -v -z --stdin [2ms]
2026-04-20 21:12:19.456 [info] > git config --get commit.template [12ms]
2026-04-20 21:12:19.457 [info] > git for-each-ref --format=%(refname)%00%(upstream:short)%00%(objectname)%00%(upstream:track)%00%(upstream:remotename)%00%(upstream:remoteref) refs/heads/main refs/remotes/main [2ms]
2026-04-20 21:12:19.483 [info] > git for-each-ref --sort -committerdate --format %(refname)%00%(objectname)%00%(*objectname) [2ms]
2026-04-20 21:12:19.528 [info] > git status -z -uall [59ms]
2026-04-20 21:12:23.557 [info] > git check-ignore -v -z --stdin [2ms]
2026-04-20 21:12:26.725 [info] > git check-ignore -v -z --stdin [3ms]
2026-04-20 21:12:36.506 [info] > git check-ignore -v -z --stdin [2ms]
2026-04-20 21:12:40.000 [info] > git check-ignore -v -z --stdin [2ms]
2026-04-20 21:14:02.385 [info] > git config --get commit.template [16ms]
2026-04-20 21:14:02.386 [info] > git for-each-ref --format=%(refname)%00%(upstream:short)%00%(objectname)%00%(upstream:track)%00%(upstream:remotename)%00%(upstream:remoteref) refs/heads/main refs/remotes/main [5ms]
2026-04-20 21:14:02.411 [info] > git for-each-ref --sort -committerdate --format %(refname)%00%(objectname)%00%(*objectname) [3ms]
2026-04-20 21:14:02.456 [info] > git status -z -uall [58ms]
2026-04-20 21:14:06.577 [info] > git check-ignore -v -z --stdin [6ms]
2026-04-20 21:14:06.953 [info] > git check-ignore -v -z --stdin [2ms]
2026-04-20 21:14:07.560 [info] > git config --get commit.template [14ms]
2026-04-20 21:14:07.562 [info] > git for-each-ref --format=%(refname)%00%(upstream:short)%00%(objectname)%00%(upstream:track)%00%(upstream:remotename)%00%(upstream:remoteref) refs/heads/main refs/remotes/main [4ms]
2026-04-20 21:14:07.593 [info] > git for-each-ref --sort -committerdate --format %(refname)%00%(objectname)%00%(*objectname) [7ms]
2026-04-20 21:14:07.637 [info] > git status -z -uall [62ms]
2026-04-20 21:14:11.569 [info] > git check-ignore -v -z --stdin [3ms]
2026-04-20 21:14:12.723 [info] > git config --get commit.template [12ms]
2026-04-20 21:14:12.724 [info] > git for-each-ref --format=%(refname)%00%(upstream:short)%00%(objectname)%00%(upstream:track)%00%(upstream:remotename)%00%(upstream:remoteref) refs/heads/main refs/remotes/main [2ms]
2026-04-20 21:14:12.749 [info] > git for-each-ref --sort -committerdate --format %(refname)%00%(objectname)%00%(*objectname) [3ms]
2026-04-20 21:14:12.795 [info] > git status -z -uall [60ms]
2026-04-20 21:14:17.076 [info] > git check-ignore -v -z --stdin [2ms]
2026-04-20 21:14:18.176 [info] > git config --get commit.template [12ms]
2026-04-20 21:14:18.177 [info] > git for-each-ref --format=%(refname)%00%(upstream:short)%00%(objectname)%00%(upstream:track)%00%(upstream:remotename)%00%(upstream:remoteref) refs/heads/main refs/remotes/main [2ms]
2026-04-20 21:14:18.201 [info] > git for-each-ref --sort -committerdate --format %(refname)%00%(objectname)%00%(*objectname) [3ms]
2026-04-20 21:14:18.242 [info] > git status -z -uall [54ms]
2026-04-20 21:14:22.229 [info] > git check-ignore -v -z --stdin [2ms]
2026-04-20 21:14:23.336 [info] > git config --get commit.template [12ms]
2026-04-20 21:14:23.337 [info] > git for-each-ref --format=%(refname)%00%(upstream:short)%00%(objectname)%00%(upstream:track)%00%(upstream:remotename)%00%(upstream:remoteref) refs/heads/main refs/remotes/main [2ms]
2026-04-20 21:14:23.364 [info] > git for-each-ref --sort -committerdate --format %(refname)%00%(objectname)%00%(*objectname) [3ms]
2026-04-20 21:14:23.408 [info] > git status -z -uall [59ms]
2026-04-20 21:14:27.422 [info] > git check-ignore -v -z --stdin [7ms]
2026-04-20 21:14:29.516 [info] > git config --get commit.template [13ms]
2026-04-20 21:14:29.518 [info] > git for-each-ref --format=%(refname)%00%(upstream:short)%00%(objectname)%00%(upstream:track)%00%(upstream:remotename)%00%(upstream:remoteref) refs/heads/main refs/remotes/main [3ms]
2026-04-20 21:14:29.544 [info] > git for-each-ref --sort -committerdate --format %(refname)%00%(objectname)%00%(*objectname) [4ms]
2026-04-20 21:14:29.589 [info] > git status -z -uall [59ms]
2026-04-20 21:14:34.451 [info] > git check-ignore -v -z --stdin [2ms]
2026-04-20 21:14:39.416 [info] > git config --get commit.template [14ms]
2026-04-20 21:14:39.417 [info] > git for-each-ref --format=%(refname)%00%(upstream:short)%00%(objectname)%00%(upstream:track)%00%(upstream:remotename)%00%(upstream:remoteref) refs/heads/main refs/remotes/main [2ms]
2026-04-20 21:14:39.444 [info] > git for-each-ref --sort -committerdate --format %(refname)%00%(objectname)%00%(*objectname) [4ms]
2026-04-20 21:14:39.498 [info] > git status -z -uall [69ms]
2026-04-20 21:14:43.698 [info] > git check-ignore -v -z --stdin [6ms]
2026-04-20 21:14:44.602 [info] > git config --get commit.template [13ms]
2026-04-20 21:14:44.603 [info] > git for-each-ref --format=%(refname)%00%(upstream:short)%00%(objectname)%00%(upstream:track)%00%(upstream:remotename)%00%(upstream:remoteref) refs/heads/main refs/remotes/main [2ms]
2026-04-20 21:14:44.629 [info] > git for-each-ref --sort -committerdate --format %(refname)%00%(objectname)%00%(*objectname) [3ms]
2026-04-20 21:14:44.672 [info] > git status -z -uall [57ms]
2026-04-20 21:14:49.440 [info] > git check-ignore -v -z --stdin [2ms]
2026-04-20 21:15:00.539 [info] > git config --get commit.template [12ms]
2026-04-20 21:15:00.540 [info] > git for-each-ref --format=%(refname)%00%(upstream:short)%00%(objectname)%00%(upstream:track)%00%(upstream:remotename)%00%(upstream:remoteref) refs/heads/main refs/remotes/main [2ms]
2026-04-20 21:15:00.566 [info] > git for-each-ref --sort -committerdate --format %(refname)%00%(objectname)%00%(*objectname) [3ms]
2026-04-20 21:15:00.607 [info] > git status -z -uall [56ms]
2026-04-20 21:15:04.647 [info] > git check-ignore -v -z --stdin [6ms]
